position_name,salary,work_exp,education,work_city,区域,商圈,company_name,company_size,industry,welfare,job_summary
Unity 3D 高级程序员（ 三消玩法方向）,18-35K,3-5年,学历不限,上海,普陀区,长寿路,泼天网络,0-20人,游戏,[],"['C#', 'Unity3D', 'Lua', '3D游戏客户端开发经验', '手游开发经验', 'Unity3D开发经验']"
unity引擎开发工程师-上海,30-60K·15薪,3-5年,本科,上海,杨浦区,五角场,字节跳动,10000人以上,互联网,"['家庭关爱假', '餐补', '股票期权', '意外险', '家属自选保险', '年终奖', '免费健身设施', '住房补贴', '就近租房补贴', '绩效奖金', '团建聚餐', '节日礼品', '补充医疗保险', '夜班补助', '零食下午茶', '餐饮及下午茶', '年度体检', '定期体检', '带薪年假', '五险一金']","['C#', 'C/C++', 'Unity3D', 'OpenGL', 'Lua', '3D游戏客户端开发经验', '计算机/软件工程相关专业', 'Unity3D开发经验', '软件开发经验', '端游开发经验']"
高级 Unity 开发工程师-remote,30-60K,5-10年,本科,上海,,,某大型互联网公司,100-499人,互联网,"['股票期权', '带薪年假', '零食下午茶', '年终奖', '五险一金', '补充医疗保险', '定期体检']","['Unity3D', 'JavaScript', 'Unity3D开发经验']"
unity游戏开发,10-15K·13薪,1-3年,大专,上海,嘉定区,嘉定镇,上海星海无界科技,0-20人,游戏,"['零食下午茶', '带薪年假', '加班补助', '年终奖', '五险一金']","['C#', 'Unity3D', '3D游戏客户端开发经验', '手游开发经验', 'Unity3D开发经验', '计算机/软件工程相关专业']"
unity研发工程师,15-25K·13薪,1-3年,本科,上海,普陀区,金沙江路,波克城市,1000-9999人,游戏,"['年终奖', '定期体检', '零食下午茶', '员工旅游', '交通补助', '生日福利', '住房补贴', '带薪年假', '团建聚餐', '包吃', '节日福利', '补充医疗保险', '工龄奖', '五险一金']","['C#', 'Unity3D', 'Lua', 'Unity3D开发经验', '计算机/软件工程相关专业']"
Unity开发实习生,150-200元/天,,大专,上海,黄浦区,人民广场,上海寿鸿科技,20-99人,互联网,['五险一金'],"['Unity3D', '计算机/软件工程相关专业']"
unity特效,15-30K,3-5年,学历不限,上海,徐汇区,漕河泾,秦皇岛熊柴伟略文...,20-99人,互联网,"['工龄奖', '定期体检', '生日福利', '保底工资', '零食下午茶', '年终奖', '包住', '团建聚餐', '全勤奖', '带薪年假', '通讯补贴', '员工旅游', '底薪加提成', '一起主机游戏', '五险一金', '意外险', '补充医疗保险', '绩效奖金']",['Unity 3D']
游戏前端程序（Unity 3D）- 模拟经营方向,30-50K·15薪,经验不限,本科,上海,闵行区,虹桥,追觅科技,1000-9999人,家用电器,"['免费班车', '餐补', '带薪年假', '五险一金', '股票期权', '健身房', '节日福利', '团建聚餐', '员工旅游', '零食下午茶', '生日福利', '补充医疗保险', '绩效奖金', '定期体检', '年终奖']","['Unity3D', '计算机/软件工程相关专业', 'Unity3D开发经验', '3D游戏客户端开发经验', '手游开发经验']"
高级u3d开发工程师（战斗方向）,25-35K,5-10年,学历不限,上海,浦东新区,张江,上海敬游,100-499人,游戏,"['五险一金', '年终奖', '餐补']","['Unity3D', '3D游戏客户端开发经验', 'Unity3D开发经验', '手游开发经验']"
Unity开发工程师,15-25K,5-10年,学历不限,上海,静安区,大宁,上海颜欧科技有限公司,20-99人,游戏,[],[]
资深unity技术美术,20-40K·15薪,3-5年,大专,上海,闵行区,虹桥,上海元拓境科技发展,20-99人,休闲/娱乐,"['节日福利', '法定节假日三薪', '节假日加班费', '零食下午茶', '餐补', '加班补助', '生日福利', '五险一金', '绩效奖金', '带薪年假', '团建聚餐']","['unity', '特效', '渲染']"
unity开发,13-18K,3-5年,大专,上海,徐汇区,漕河泾,GUOE,100-499人,计算机软件,"['带薪年假', '员工旅游', '交通补助', '通讯补贴', '节日福利', '年终奖', '五险一金', '餐补', '定期体检', '零食下午茶']","['C#', 'Unity3D', 'Lua', 'Unity3D开发经验']"
高级u3d开发工程师（捕鱼/二合）,20-30K,3-5年,本科,上海,,,某大型游戏公司,1000-9999人,游戏,"['团建聚餐', '住房补贴', '交通补助', '员工旅游', '五险一金', '包吃', '生日福利', '节日福利', '带薪年假', '补充医疗保险', '零食下午茶', '年终奖', '定期体检', '工龄奖']","['C#', 'Lua', '3D游戏客户端开发经验', 'Unity3D开发经验', '捕鱼游戏', '二合游戏', '休闲捕鱼']"
游戏UX拼接设计师（unity、u3d）,14-20K,1-3年,学历不限,上海,徐汇区,漕河泾,名匠网络,1000-9999人,游戏,"['绩效奖金', '有无线网', '五险一金', '节日福利', '夜班补助', '节假日加班费', '定期体检', '法定节假日三薪', '团建聚餐', '保底工资', '带薪年假', '工龄奖', '加班补助']","['Unity3D', 'Unity3D开发经验', '3D游戏客户端开发经验']"
资深unity特效设计师,20-28K,1-3年,学历不限,上海,徐汇区,漕河泾,奇源笙网络,20-99人,游戏,"['节日福利', '团建聚餐', '零食下午茶', '带薪年假', '五险一金']",['二次元']
unity客户端开发,25-50K·15薪,3-5年,本科,上海,,,某大型游戏公司,500-999人,游戏,"['节假日加班费', '通讯补贴', '员工旅游', '加班补助', '意外险', '带薪年假', '团建聚餐', '全勤奖', '零食下午茶', '六险一金', '年终奖', '生日福利', '育儿假', '交通补助', '定期体检', '节日福利']","['C/C++', 'Unity3D', '3D游戏客户端开发经验']"
资深u3d开发工程师,25-40K·14薪,5-10年,本科,上海,闵行区,虹桥,游卡,1000-9999人,游戏,"['补充医疗保险', '零食下午茶', '定期体检', '年终奖', '餐补', '带薪年假', '员工旅游', '节日福利', '五险一金']",['Unity3D']
unity游戏开发工程师,9-14K·13薪,经验不限,本科,上海,浦东新区,张江,上海光粒,20-99人,游戏,"['定期体检', '零食下午茶', '年终奖', '员工旅游', '交通补助', '不加班', '节日福利', '带薪年假', '五险一金', '股票期权']","['Unity3D', '3D游戏客户端开发经验', '手游开发经验', 'Unity3D开发经验']"
unity游戏开发工程师,12-24K·13薪,经验不限,本科,上海,闵行区,浦江,心炎网络,20-99人,游戏,['带薪年假'],"['C#', 'C/C++', 'Unity3D', '3D游戏客户端开发经验', '计算机/软件工程相关专业', 'Unity3D开发经验']"
灯光师（游戏）-崩坏IP预研,20-30K·16薪,经验不限,学历不限,上海,徐汇区,漕河泾,米哈游,1000-9999人,游戏,"['年会福利', '定期体检', '零食下午茶', '团建聚餐', '节日福利', '五险一金', '年终奖', '带薪年假', '补充医疗保险']","['灯光师', '游戏场景', 'unity']"
u3d客户端,30-60K·16薪,5-10年,本科,上海,,,某500强上市公司,10000人以上,游戏,"['五险一金', '带薪年假', '员工旅游', '节日福利', '免费班车', '定期体检', '年终奖', '包吃', '餐补', '交通补助', '补充医疗保险', '股票期权']",['Unity3D']
Unity客户端-系统向（明日方舟：终末地）,35-50K·16薪,3-5年,本科,上海,徐汇区,漕河泾,上海鹰角网络,1000-9999人,游戏,"['绩效奖金', '生日福利', '住房补贴', '补充医疗保险', '五险一金']",['Unity3D']
u3d游戏开发工程师,25-35K·14薪,5-10年,本科,上海,,,杭州某中型游戏公司,500-999人,游戏,"['高温补贴', '节假日加班费', '零食下午茶', '补充医疗保险', '意外险', '节日福利', '餐补', '补充公积金', '交通补助', '团建聚餐', '法定节假日三薪', '加班补助', '年终奖', '五险一金', '保底工资', '定期体检', '夜班补助', '住房补贴', '定期体检', '带薪年假']","['Unity3D', '3D游戏客户端开发经验', 'Unity3D开发经验', '手游开发经验']"
Unity 游戏客户端开发,35-65K,5-10年,本科,上海,,,某大型国际游戏公司,1000-9999人,游戏,"['团建聚餐', '年终奖', '带薪年假', '五险一金', '节日福利', '补充医疗保险', '年会福利', '零食下午茶', '定期体检']","['Unity3D', 'C/C++', '3D游戏客户端开发经验', '端游开发经验', 'gameplay', '有联机游戏', '引擎', '性能优化', '工具']"
资深Unity开发工程师 (战斗),30-60K·16薪,经验不限,学历不限,上海,,,某中型游戏公司,100-499人,游戏,"['年终奖', '餐补', '节假日加班费', '零食下午茶', '定期体检', '全勤奖', '五险一金']",['3D游戏客户端开发经验']
unity特效,15-25K,3-5年,学历不限,上海,宝山区,共康,泓屹嘉成,500-999人,人工智能,"['定期体检', '五险一金']",['Unity 3D']
资深游戏客户端开发,25-50K·16薪,5-10年,本科,上海,,,某知名游戏公司,1000-9999人,游戏,"['节假日加班费', '生日福利', '年终奖', '免费班车', '团建聚餐', '五险一金', '交通补助', '节日福利', '带薪年假', '补充医疗保险', '定期体检']","['Unity3D', '3D游戏客户端开发经验', 'Unity3D开发经验', '端游开发经验']"
客户端开发实习生-Unity,250-300元/天,,本科,上海,徐汇区,漕河泾,莉莉丝游戏,1000-9999人,游戏,"['交通补助', '生日福利', '年终奖', '免费班车', '补充医疗保险', '节日福利', '团建聚餐', '带薪年假', '定期体检', '节假日加班费', '五险一金']","['C#', 'C++', 'Lua']"
Unity游戏客户端开发（多方向可选）,50-80K·14薪,5-10年,本科,上海,,,上海某大型游戏公司,1000-9999人,游戏,"['五险一金', '补充医疗保险', '团建聚餐', '节日福利', '零食下午茶', '定期体检', '年终奖', '年会福利', '带薪年假']","['Unity3D', 'C/C++', 'C#', '3D游戏客户端开发经验', 'Unity3D开发经验', '手游开发经验', '端游开发经验']"
游戏TA（美术）,17-30K,3-5年,大专,上海,闵行区,虹桥,派云科技,500-999人,人力资源服务,"['零食下午茶', '加班补助', '带薪年假', '免费班车', '节日福利', '五险一金', '员工旅游', '包吃']","['UE', 'unity', 'Houdini', 'PCG']"
unity开发工程师（游族）,15-16K·13薪,3-5年,本科,上海,徐汇区,漕河泾,橙色魔方,500-999人,互联网,"['五险一金', '补充医疗保险', '带薪年假', '加班补助', '节日福利', '定期体检', '员工旅游', '年终奖', '零食下午茶']","['C#', 'Unity3D', '3D游戏客户端开发经验', '手游开发经验', '熟练掌握C#', 'Unity3D开发经验', '端游开发经验']"
游戏地编（UE4/unity引擎）,11-22K,3-5年,学历不限,上海,闵行区,虹桥,图游游戏,20-99人,游戏,"['餐补', '免费班车', '节日福利', '五险一金', '加班补助', '全勤奖', '年终奖', '带薪年假', '定期体检', '员工旅游']","['模型制作', '欧美写实', 'MOBA游戏', 'RPG游戏', '场景编辑', '欧美现代', '日韩二次元']"
Unity游戏开发工程师,25-50K·18薪,经验不限,学历不限,上海,,,某大型互联网平台公司,10000人以上,互联网,"['带薪年假', '五险一金', '补充医疗保险', '免费班车', '包吃', '免费早晚餐', '定期体检', '节日福利', '免费健身房', '餐补', '股票期权', '年终奖', '零食下午茶', '住房补贴', '员工旅游', '交通补助', '公仔周边活动']","['C#', 'Visual Stu', 'C++', '游戏引擎']"
u3d高级开发,22-35K,5-10年,本科,上海,徐汇区,漕河泾,游族网络,1000-9999人,游戏,"['带薪年假', '节日福利', '补充医疗保险', '定期体检', '员工旅游', '餐补', '五险一金', '年终奖', '零食下午茶', '全勤奖']","['Unity3D', 'C/C++', 'Lua', 'C#', '3D游戏客户端开发经验', 'Unity3D开发经验', '计算机/软件工程相关专业']"
体育游戏-U3D客户端开发,28-45K·15薪,5-10年,本科,上海,徐汇区,漕河泾,腾讯,10000人以上,互联网,"['零食下午茶', '免费健身房', '餐补', '免费早晚餐', '补充医疗保险', '带薪年假', '员工旅游', '交通补助', '免费班车', '五险一金', '股票期权', '定期体检', '住房补贴', '包吃', '公仔周边活动', '年终奖', '节日福利']","['Unity3D', 'C#', 'C/C++', 'Unity3D开发经验', '3D游戏客户端开发经验', '计算机/软件工程相关专业', '手游开发经验', '体育游戏', '竞技游戏']"
资深Unity游戏客户端（背包乱斗like在研）,25-50K·15薪,3-5年,本科,上海,徐汇区,漕河泾,Garena,1000-9999人,游戏,"['带薪年假', '餐补', '补充医疗保险', '年终奖', '零食下午茶', '定期体检', '股票期权', '五险一金']","['Unity3D', 'C/C++', 'C#', '3D游戏客户端开发经验', 'Unity3D开发经验', '手游开发经验', '背包乱斗', '自走棋', '肉鸽']"
智能座舱3D引擎软件研发工程师,30-60K,10年以上,本科,上海,,,某大型汽车研发/制造公司,10000人以上,汽车研发/制造,"['五险一金', '补充医疗保险', '住房补贴', '免费班车', '年终奖', '带薪年假', '餐补', '定期体检', '节日福利']",['Unity3D']
u3d主程序,40-55K·13薪,5-10年,本科,上海,浦东新区,上南,蜂宝宝,20-99人,互联网,"['五险一金', '年终奖', '带薪年假', '节日福利', '生日福利', '定期体检', '绩效奖金']","['Unity3D', 'Lua', 'C#', '3D游戏客户端开发经验', 'Unity3D开发经验', '手游开发经验']"
引擎负责人（u3d、UE）,80-110K·16薪,10年以上,本科,上海,,,上海某中型二次元即时海战游戏公司,100-499人,游戏,"['节假日加班费', '全勤奖', '定期体检', '五险一金', '年终奖', '餐补', '零食下午茶']",['Unity3D']
资深/专家场景模型（接口人、Base上海）,30-60K·16薪,5-10年,大专,上海,,,某大型游戏公司,1000-9999人,游戏,"['住房补贴', '生日福利', '绩效奖金', '五险一金', '补充医疗保险']","['有3D设计经验/技能', '甲方公司', '不接受居家办公', 'Zbrush', 'Substance', '3-5年3D设计师经验', '5年以上3D设计师经验', '游戏设计', 'PBR', 'Unity', 'Shader', '山石、树木雕刻']"
资深客户端开发工程师,30-50K·16薪,5-10年,本科,上海,杨浦区,五角场,叠纸游戏,1000-9999人,游戏,"['五险一金', '生日福利', '节日福利', '员工旅游', '团建聚餐', '带薪年假', '年终奖', '补充医疗保险', '零食下午茶', '餐补', '定期体检']","['Unity3D', 'Unity3D开发经验']"
游戏unity特效,13-20K,1-3年,大专,上海,闵行区,虹桥,北京七凌科技有限公司,100-499人,移动互联网,"['带薪年假', '五险一金', '节日福利']","['Unity 3D', '游戏']"
Unity客户端开发工程师（系统）,60-90K·16薪,1-3年,本科,上海,,,某大型互联网上市集团公司,1000-9999人,互联网,"['加班补助', '年终奖', '零食下午茶', '五险一金', '带薪年假', '免费班车', '节日福利', '定期体检']","['C#', '计算机相关专业', 'C#开发经验', '中大型项目开发经验']"
unity特效,15-28K,3-5年,学历不限,上海,宝山区,共康,北京木叶村数字科技,100-499人,广告/公关/会展,"['交通补助', '绩效奖金', '零食下午茶', '餐补', '底薪加提成', '团建聚餐', '保底工资', '年终奖', '五险一金']","['魔幻', 'Unity 3D', 'unity特效']"
急招unity地编！！！,15-20K,3-5年,学历不限,上海,徐汇区,漕河泾,纬创软件,1000-9999人,计算机软件,"['零食下午茶', '定期体检', '节日福利', '五险一金', '补充医疗保险', '团建聚餐', '带薪年假', '员工旅游']","['Unity', '场景编辑']"
unity游戏场景编辑,10-11K,1-3年,本科,上海,松江区,九亭,星界游戏,0-20人,游戏,[],"['3ds MAX', '模型制作', 'PS', 'Unity', '场景编辑', '关系场景', 'Quixel Suite', '动作冒险', '渲染场景', '动作场景', '写实', '第三人称']"
高级Unity开发工程师,28-45K,5-10年,本科,上海,,,某互联网公司,20-99人,互联网,[],"['Unity3D', 'Unity3D开发经验']"
高级unity开发工程师,20-25K,3-5年,本科,上海,闵行区,莘庄,莲偶科技,20-99人,智能硬件,"['带薪年假', '五险一金', '节假日加班费', '法定节假日三薪', '加班补助']","['C#', 'C/C++', 'Unity3D', 'Shader开发经验', 'OpenGL', 'VR/AR开发经验', 'Unity3D开发经验']"
游戏unity地编（中级及以上）,15-25K,1-3年,学历不限,上海,浦东新区,张江,恒如网络,20-99人,游戏,"['有无线网', '五险一金', '保底工资', '零食下午茶', '员工旅游', '节日福利', '加班补助']","['场景编辑', '模型制作', 'Q版', '日韩', 'Unity', 'Maya', '3ds MAX', 'ZBrush']"
游戏ui动效,15-20K,3-5年,学历不限,上海,杨浦区,五角场,深圳市冰封科技,20-99人,游戏,"['带薪年假', '团建聚餐', '零食下午茶', '员工旅游', '夜班补助', '生日福利', '五险一金', '定期体检', '节假日加班费']","['Q版', 'unity']"
UNITY Timeling/UE Sequence动画,7-12K,1-3年,学历不限,上海,宝山区,大华,燥波,20-99人,游戏,"['节日福利', '团建聚餐', '带薪年假', '绩效奖金', '零食下午茶', '年终奖']","['1-3年动画设计经验', 'UE4', 'Unity3D', '3D MAX', '3D动画', '游戏']"
高级Unity开发工程师（车载HMI方向）,25-45K,5-10年,本科,上海,浦东新区,张江,上海彼格镁隆技术,100-499人,半导体/芯片,"['团建聚餐', '意外险', '生日福利', '带薪年假', '五险一金', '定期体检', '保底工资', '年终奖', '补充医疗保险', '节日福利', '股票期权', '员工旅游']","['Unity3D', 'Lua', 'Java', 'Unity3D开发经验', '计算机/软件工程相关专业', 'Shader开发经验']"
unity特效师,15-30K,3-5年,大专,上海,松江区,九亭,上海动效喵,20-99人,游戏,"['五险一金', '绩效奖金', '零食下午茶', '节日福利', '团建聚餐', '保底工资', '加班补助', '带薪年假']","['Unity 3D', '仙侠风', 'U3D', '半写实', '写实']"
Unity界面动效,10-15K,经验不限,学历不限,上海,普陀区,梅川路,砚同,20-99人,游戏,"['股票期权', '年终奖', '底薪加提成', '团建聚餐', '加班补助', '节假日加班费', '绩效奖金', '五险一金', '带薪年假', '员工旅游', '保底工资']","['休闲益智', 'AE', 'Spine']"
游戏客户端开发工程师,13-26K·14薪,在校/应届,本科,上海,长宁区,仙霞,友塔游戏,1000-9999人,游戏,"['房补', '交通补助', '大佬零距离', '丰富趣味活动', '节日福利', '年终奖', '带薪年假', '餐补', '私人定制导师', '超大晋升空间', '定期体检', '五险一金', '零食下午茶']","['前端开发', 'unity', '游戏引擎', 'lua', 'unreal']"
u3d 前端开发工程师,30-50K,3-5年,大专,上海,浦东新区,塘桥,塔人网络,100-499人,游戏,"['节日福利', '年终奖', '零食下午茶', '员工旅游', '五险一金', '带薪年假']","['Unity3D', '游戏开发']"
游戏ui拼接（unity/ue/cocos引擎）,11-18K,1-3年,学历不限,上海,徐汇区,漕河泾,新木网络,100-499人,游戏,"['交通补助', '带薪年假', '五险一金', '员工旅游']","['ui拼接', 'ui重构', '仅限游戏行业非程序岗']"
VR大空间开发工程师(Unity方向),20-25K,3-5年,本科,上海,宝山区,上海大学,博思,100-499人,游戏,"['年终奖', '员工旅游', '五险一金', '生日福利', '节日福利', '带薪年假', '加班补助', '零食下午茶', '定期体检', '绩效奖金', '团建聚餐']","['3ds Max', 'Unity3D', '空间音频', 'Shader']"
unity,30-50K·16薪,3-5年,本科,上海,,,某中型跨城市互联网游戏公司,100-499人,互联网,"['定期体检', '生日福利', '带薪年假', '团建聚餐', '补充医疗保险', '有无线网', '员工旅游', '年终奖', '零食下午茶', '五险一金', '包吃', '节日福利']","['Unity3D', '3D游戏客户端开发经验', 'Unity3D开发经验', '手游开发经验']"
过场动画/流程快/timeline,18-20K,1-3年,学历不限,上海,徐汇区,漕河泾,辽宁鼎如兴科技,0-20人,互联网,[],"['unity', '剧情策划', 'timeline', '游戏', '过场动画']"
u3d客户端开发,30-55K·16薪,5-10年,本科,上海,,,上海某中型游戏公司,100-499人,游戏,[],"['Unity3D', '手游开发经验', '3D游戏客户端开发经验', '计算机/软件工程相关专业', '战斗开发', '3C', '管线']"
Unity技术美术（TA）,14-20K,1-3年,本科,上海,浦东新区,金杨,随幻科技,20-99人,互联网,"['有无线网', '法定节假日三薪', '五险一金', '零食下午茶', '年终奖', '生日福利', '补充医疗保险', '加班补助', '节日福利', '带薪年假', '员工旅游', '定期体检', '节假日加班费', '全勤奖', '通讯补贴', '餐补', '股票期权', '团建聚餐', '意外险', '交通补助']","['GPU架构', '光照模型', '渲染管线', 'Unity', 'ShaderLab', 'Shader', 'HLSL', 'OpenGL']"
二次元游戏内录剪辑(Unity),8-11K,1-3年,大专,上海,徐汇区,田林,微创软件,10000人以上,计算机软件,"['员工旅游', '补充医疗保险', '零食下午茶', '节日福利', '五险一金', '带薪年假', '定期体检', '免费班车', '年终奖']","['U3D', '游戏', '星穹铁道', 'CG动画']"
Unity培训讲师,12-13K,1-3年,本科,上海,浦东新区,张江,影育科技,0-20人,计算机软件,"['五险一金', '股票期权']","['Unity3D项目开发经验', 'Unity', '影育科技', '全职工作', '线下教学', '院校专业课', '计算机相关专业', 'AR/VR工作经验', 'Unity培训师', '头号学院', '日常教学', '培训师']"
资深游戏开发程序员[Unity],25-35K,5-10年,本科,上海,徐汇区,漕河泾,育碧上海工作室,500-999人,游戏,"['节假日加班费', '定期体检', '节日福利', '补充医疗保险', '团建聚餐', '员工俱乐部', '零食下午茶', '带薪年假', '餐补', '保底工资', '五险一金', '加班补助', '年终奖', '游戏', '交通补助']","['Unity3D', 'C#', '计算机/软件工程相关专业', '3D游戏客户端开发经验', 'Unity3D开发经验', '软件开发经验', '手游开发经验']"
unity引擎地图专家,25-35K,3-5年,本科,上海,徐汇区,万体馆,琉森科技,20-99人,互联网,"['带薪年假', '零食下午茶', '补充医疗保险', '员工旅游', '定期体检', '五险一金', '节日福利']","['Unity3D', 'Unity3D开发经验', '地图']"
unity开发,12-18K·13薪,3-5年,大专,上海,徐汇区,漕河泾,桂垚,100-499人,汽车零部件,"['通讯补贴', '零食下午茶', '员工旅游', '定期体检', '五险一金', '节日福利', '带薪年假', '加班补助', '年终奖']","['Unity3D', 'C#', 'JavaScript']"
unity特效师,15-20K,3-5年,学历不限,上海,普陀区,梅川路,上海麒林信息科技,20-99人,游戏,['五险一金'],['Unity 3D']
游戏技术美术TA,20-40K·14薪,3-5年,本科,上海,,,金山西山居,1000-9999人,游戏,"['海景办公', '岗位晋升', '带薪年假', '团建聚餐', '免费班车', '补充医疗保险', '员工旅游', '生日福利', '定期体检', '绩效奖金', '意外险', '年终奖', '节日福利', '零食下午茶', '五险一金', '技能培训', '餐补']","['shader', 'unity', '引擎', 'U3D', '渲染', 'TA', '游戏开发']"
unity开发工程师,13-18K,1-3年,大专,上海,徐汇区,漕河泾,慧博云通,1000-9999人,计算机软件,"['加班补助', '节日福利', '定期体检', '五险一金', '年终奖', '股票期权', '带薪年假', '补充医疗保险']","['Unity3D', 'Lua', 'UGUI/Fgui', 'Unity3D开发经验']"
高级Unity开发工程师（车载HMI方向）,25-50K·15薪,5-10年,本科,上海,,,某大型智能硬件公司,100-499人,智能硬件,[],"['Unity3D', 'C/C++', 'C#', 'Python', 'DirectX/Direct3D', 'Unity3D开发经验', '车载HMI', 'OpenGL ES']"
unity地编,17-25K,3-5年,大专,上海,浦东新区,张江,安徽艾偲信息技术,20-99人,计算机软件,"['绩效奖金', '年终奖']","['Unity', '日韩', '二次元']"
unity特效,10-15K,1-3年,大专,上海,徐汇区,漕河泾,深圳魔术盒,20-99人,游戏,"['员工旅游', '补充医疗保险', '五险一金', '加班补助', '股票期权', '全勤奖', '带薪年假']","['写实', '欧美现代', '魔幻', '射击游戏', '格斗游戏', '动作冒险', 'Unity 3D', 'unity特效']"
unity开发工程师,10-15K,3-5年,本科,上海,徐汇区,漕河泾,智慧树,1000-9999人,互联网,"['带薪年假', '交通补助', '五险一金', '补充医疗保险', '节日福利']","['Unity3D', 'Unity3D开发经验']"
游戏资深引擎工程师,50-80K·16薪,5-10年,本科,上海,,,上海某中型游戏公司,100-499人,游戏,"['年终奖', '零食下午茶', '餐补', '五险一金', '定期体检', '节假日加班费', '全勤奖']","['Unity3D', 'Shader开发经验', '3D游戏客户端开发经验', 'Unity3D开发经验']"
unity 程序,11-12K,1-3年,本科,上海,静安区,静安寺,热一,0-20人,音乐/视频/阅读,"['加班补助', '员工旅游', '五险一金', '年终奖', '补充医疗保险']","['C#', 'C++']"
unity技术美术,18-30K,3-5年,大专,上海,,,上海五色鲲科技,0-20人,游戏,"['年终奖', '五险一金']",['unity技术美术']
Unity游戏开发,12-15K,经验不限,大专,上海,徐汇区,漕河泾,Bosgame,20-99人,文化艺术/娱乐,"['有无线网', '带薪年假', '年终奖', '零食下午茶', '团建聚餐', '底薪加提成', '员工旅游', '节日福利', '五险一金', '生日福利', '绩效奖金', '定期体检', '保底工资']","['Unity3D', 'C/C++', 'C#']"
Unity客户端主程（海外休闲游戏）,15-30K,5-10年,本科,上海,浦东新区,张江,永娱,20-99人,游戏,[],"['C/C++', 'Unity3D', 'Lua', '手游开发经验', 'Unity3D开发经验', '计算机/软件工程相关专业']"
游戏客户端开发-unity/u3d,25-40K·13薪,3-5年,本科,上海,虹口区,江湾,SNH48,500-999人,互联网,"['五险一金', '年终奖', '节日福利', '带薪年假', '餐补', '员工旅游']",['游戏客户端 unity u3d']
Unity技术美术（TA）,15-25K,1-3年,本科,上海,闵行区,虹桥,上海得翔智能科技,0-20人,游戏,[],"['2年以上工作经验', '薪资面议']"
游戏Unity地编,12-24K,经验不限,学历不限,上海,徐汇区,漕河泾,郑州名匠网络科技,1000-9999人,游戏,"['带薪年假', '团建聚餐', '绩效奖金', '定期体检', '节日福利', '生日福利', '五险一金']","['Unity', '都市', '二次元', '第三人称']"
U3D，游戏app-北欧公司，z早9晚6，氛围好,25-35K,5-10年,本科,上海,,,某大型培训/辅导机构公司,10000人以上,培训/辅导机构,"['底薪加提成', '绩效奖金', '定期体检', '带薪年假', '五险一金', '团建聚餐', '零食下午茶', '补充医疗保险', '保底工资', '有无线网']","['Unity3D', 'C#', 'Lua', 'Unity3D开发经验', 'unity', '游戏引擎', 'Unity3D developer']"
资深游戏开发程序员【Unity】,15-30K,5-10年,本科,上海,徐汇区,漕河泾,北京仕邦达人力资...,100-499人,人力资源服务,"['带薪年假', '交通补助', '餐补', '通讯补贴', '五险一金', '节日福利']","['Unity3D', 'C#', 'Python', '计算机/软件工程相关专业', '3D游戏客户端开发经验', 'Unity3D开发经验', '机器学习', '商业项目开发']"
资深游戏客户端程序,35-55K·15薪,5-10年,本科,上海,闵行区,七宝,上海奥萌尼,100-499人,游戏,"['年终奖', '定期体检', '带薪年假', '意外险', '五险一金', '保底工资', '法定节假日三薪', '补充医疗保险']","['C#', 'Unity3D', '端游开发经验', '手游开发经验', 'Unity3D开发经验']"
Unity客户端开发（工具向）,18-25K,3-5年,本科,上海,闵行区,莘庄,英澈,100-499人,游戏,"['年终奖', '节日福利', '带薪年假', '团建聚餐', '餐补', '加班补助', '定期体检', '零食下午茶', '员工旅游', '五险一金']","['编辑器', '工具向']"
Unity技术美术,18-22K,3-5年,学历不限,上海,静安区,静安寺,缇安,20-99人,互联网,[],"['unity', 'shader', 'U3D', '技术美术', '元宇宙', '渲染向', 'TA']"
u3d客户端工程师,30-40K·14薪,5-10年,大专,上海,,,上海某中型游戏公司,100-499人,游戏,"['餐补', '五险一金', '年终奖']","['Unity3D', '3D游戏客户端开发经验']"
Unity开发主程（U3D）,20-40K·13薪,5-10年,本科,上海,,,某中型全球游戏研发和发行公司（上海）,500-999人,游戏,"['交通补助', '股票期权', '定期体检', '免费班车', '节日福利', '零食下午茶', '带薪年假', '年终奖', '包三餐', '员工旅游', '五险一金']","['Unity3D', 'C#', 'OpenGL', 'DirectX/Direct3D', 'Shader开发经验', '计算机/软件工程相关专业', 'Unity3D开发经验', '软件开发经验', '手游开发经验', '游戏']"
Unity3D主程,25-40K,5-10年,大专,上海,静安区,汶水路,上海乐蜀网络,100-499人,游戏,"['加班补助', '节日福利', '婚育礼金', '五险一金', '带薪年假', '年度调薪', '交通补助', '免费班车', '年终奖', '餐补', '生日会']","['Unity3D', 'C#']"
游戏特效,11-20K·14薪,经验不限,学历不限,上海,杨浦区,五角场,勇仕,100-499人,游戏,"['五险一金', '补充医疗保险', '年终奖', '定期体检', '带薪年假', '员工旅游', '零食下午茶', '节日福利']","['unity', 'MAYA', '3DMAX', '游戏特效']"
unity游戏开发工程师,20-35K·14薪,3-5年,本科,上海,,,猫粮工作室,20-99人,游戏,"['员工旅游', '带薪年假', '定期体检', '年终奖', '零食下午茶', '五险一金']","['Unity3D', 'Unity3D开发经验']"
unity技术美术,20-21K,1-3年,本科,上海,徐汇区,上海南站,上海江煦信息,20-99人,计算机软件,"['五险一金', '定期体检']",['unity 技术美术']
Unity客户端开发-战斗,15-25K·16薪,3-5年,本科,上海,徐汇区,漕河泾,蛮啾网络,100-499人,游戏,"['节假日加班费', '五险一金', '餐补', '零食下午茶', '年终奖', '全勤奖', '定期体检']","['Unity3D', '3D游戏客户端开发经验']"
unity场地地编（外派）,18-30K,5-10年,学历不限,上海,浦东新区,张江,永昼文化,20-99人,游戏,"['团建聚餐', '交通补助', '年终奖', '零食下午茶', '绩效奖金', '节假日加班费', '节日福利', '五险一金', '带薪年假', '全勤奖', '加班补助', '住房补贴', '有无线网']","['Unity', 'RPG游戏', '场景编辑', 'unity地编']"
买量视频 引擎美术,7-12K,1-3年,学历不限,上海,嘉定区,江桥,昭驰文化,0-20人,广告/公关/会展,[],"['UE4', 'Unity3D', '3ds Max', 'Maya', '计算机/软件工程相关专业', '美术/动画基础', '游戏客户端开发经验', 'UE4开发经验', 'Shader开发经验', '接受实习/在校生投递', 'ue5', 'unreal', '引擎美术', 'ue4', 'unity']"
unity特效师,15-20K·13薪,1-3年,学历不限,上海,宝山区,共康,北京藏代,20-99人,游戏,"['有无线网', '住房补贴', '团建聚餐', '节假日加班费', '员工旅游', '定期体检', '工龄奖', '五险一金', '底薪加提成', '年终奖', '绩效奖金', '意外险', '餐补', '保底工资', '零食下午茶']",['pv特效']
unity技术美术ta（美术向）,3500-4000元/周,经验不限,学历不限,上海,闵行区,虹桥,泠阳,0-20人,社交网络与媒体,"['定期体检', '加班补助', '带薪年假', '员工旅游', '五险一金', '补充医疗保险', '股票期权', '餐补', '住房补贴', '年终奖', '通讯补贴']","['unity3D', 'blender', '技术美术', '风格化', '游戏', 'CG']"
资深 Gameplay 开发工程师（Unity）,30-40K·14薪,3-5年,本科,上海,杨浦区,五角场,所思科技,100-499人,游戏,"['全勤奖', '定期体检', '团建聚餐', '带薪年假', '免费工装', '夜班补助', '节日福利', '节假日加班费', '年终奖', '五险一金', '加班补助', '补充医疗保险']","['Unity3D', 'ecs', 'dots']"
客户端开发工程师,30-40K·14薪,3-5年,本科,上海,静安区,汶水路,心动,1000-9999人,游戏,"['节日福利', '补充医疗保险', '定期体检', '零食下午茶', '五险一金', '员工旅游', '包吃', '餐补', '交通补助', '免费班车', '带薪年假', '年终奖', '年度体检']","['C/C++', 'Unity3D', 'Python']"
Unity地编,10-15K,1-3年,学历不限,上海,闵行区,虹桥,苏州荷利欧文化传媒,0-20人,游戏,[],"['MOBA游戏', 'Unity', 'RPG游戏']"
Unity游戏中级开发工程师,15-25K,经验不限,大专,上海,浦东新区,张江,风林火山网络科技,20-99人,游戏,[],"['Unity3D', '游戏']"
游戏3d特效-上海,15-20K,3-5年,学历不限,上海,闵行区,虹桥,小鹿网络,20-99人,游戏,"['团队聚餐', '五险一金', '节假日加班费', '员工培训', '夜班补助', '带薪年假', '双休', '餐补']","['写实', '半写实', 'PS', '3ds MAX', 'Unity 3D', 'unity', '欧美', 'moba']"
ae视频设计师,20-30K·14薪,5-10年,大专,上海,徐汇区,漕河泾,点点互动,1000-9999人,游戏,"['定期体检', '员工旅游', '补充医疗保险', '股票期权', '零食下午茶', '节日福利', '年终奖', '加班补助', '带薪年假', '交通补助', '餐补', '五险一金']","['unity', 'spine']"
资深unity开发工程师,30-35K,5-10年,本科,上海,徐汇区,漕河泾,假面科技,100-499人,移动互联网,"['生日福利', '餐补', '住房补贴', '团建聚餐', '员工旅游', '交通补助', '五险一金', '节日福利', '股票期权', '带薪年假', '定期体检']","['Unity3D', 'C#', 'Lua']"
Unity TA工程师,6-10K,在校/应届,学历不限,上海,徐汇区,漕河泾,上海算术,100-499人,计算机软件,"['五险一金', '加班补助', '带薪年假', '节日福利']","['技术美术', '二次元', '虚拟主播']"
unity特效师,15-25K,1-3年,学历不限,上海,徐汇区,漕河泾,上海奕己信息科技...,20-99人,互联网,"['带薪年假', '节日福利', '加班补助', '零食下午茶', '周末双休', '年终奖', '五险一金', '绩效奖金', '补充医疗保险']","['3ds MAX', 'shader', 'MOBA游戏', 'Unity 3D', '模拟经营', 'U3D', '欧美现代', 'Maya', '二次元', 'VR', 'unity特效', '写实']"
Unity软件工程师,10-15K,3-5年,本科,上海,徐汇区,徐家汇,触派科技,0-20人,计算机软件,"['出差有补贴', '年终奖', '全勤奖', '五险一金', '团建聚餐', '带薪年假', '绩效奖金', '保底工资']","['HTML5', 'Unity3D', 'C/C++']"
unity技术美术,15-25K,1-3年,学历不限,上海,嘉定区,江桥,安徽金域红文旅科技,20-99人,生活服务(O2O),[],"['Unity', 'C++/C#/Python', 'OpenGL', 'Direct3DGraphic', 'GLSL/HLSL/Cg', 'shader']"
Unreal Engine和Unity技术美编,10-15K,5-10年,本科,上海,徐汇区,漕河泾,飞来飞去,100-499人,广告/公关/会展,"['五险一金', '节日福利', '年终奖', '餐补', '员工旅游', '包吃', '带薪年假', '零食下午茶', '加班补助']",[]
游戏战斗策划,30-60K·16薪,3-5年,本科,上海,,,某知名游戏公司,1000-9999人,游戏,[],"['游戏数值策划', '战斗策划', 'unity']"
unity特效师（2D）,15-25K,3-5年,大专,上海,徐汇区,漕河泾,上海有顶天网络技术,20-99人,游戏,"['五险一金', '节日福利', '带薪年假']","['二次元', '卡牌/战棋', 'Unity 3D']"
游戏动作设计（UE二次元,35-55K·15薪,5-10年,大专,上海,,,某知名企业,500-999人,游戏,"['五险一金', '加班补助', '节日福利', '餐补', '年终奖', '通讯补贴', '意外险', '团建聚餐', '生日福利', '住房补贴', '员工旅游', '股票期权', '带薪年假', '交通补助', '补充医疗保险', '零食下午茶', '定期体检']","['RPG游戏', 'RTS游戏', '第三人称', 'UE4', 'ZBrush', 'Substance Painter', 'Unity', '3ds MAX', '二次元大世界游戏', '游戏动画', '游戏动作', '局内战斗', '表演动画']"
游戏特效,30-50K·14薪,经验不限,学历不限,上海,徐汇区,漕河泾,上海游社网络科技,20-99人,互联网,"['年终奖', '生日福利', '定期体检', '补充医疗保险', '员工旅游', '带薪年假', '保底工资', '五险一金']","['unity', 'ue']"
U3D高级/资深客户端开发工程师（剑心雕龙）,30-50K·16薪,5-10年,本科,上海,徐汇区,徐汇滨江,网易游戏,10000人以上,游戏,"['股票期权', '交通补助', '节日福利', '包吃', '年终奖', '餐补', '免费班车', '五险一金', '定期体检', '带薪年假', '员工旅游', '补充医疗保险']","['Unity3D', 'Unity3D开发经验']"
unity游戏开发工程师,5-10K,经验不限,高中,上海,闵行区,浦江,上海贤王座网络科技,20-99人,互联网,"['年终奖', '绩效奖金', '有无线网', '团建聚餐', '五险一金', '节日福利']",['Unity3D']
游戏ui动效设计师unity,8-13K,1-3年,学历不限,上海,普陀区,长征,飞艺科技,20-99人,游戏,"['加班补助', '零食下午茶', '带薪年假', '五险一金', '员工旅游', '节日福利']","['MOBA游戏', '格斗游戏', '动作冒险', '动效设计', 'UE4', '写实']"
U3D游戏客户端主程,35-55K·15薪,5-10年,本科,上海,,,上海某中型游戏公司,100-499人,游戏,"['意外险', '年终奖', '五险一金', '保底工资', '补充医疗保险', '定期体检', '带薪年假', '法定节假日三薪']",[]
Unity SDK开发工程师,20-30K·14薪,3-5年,本科,上海,松江区,九亭,玩出梦想科技,500-999人,智能硬件,"['员工旅游', '生日福利', '股票期权', '零食下午茶', '带薪年假', '节日福利', '餐补', '免费班车', '年终奖', '绩效奖金', '补充医疗保险', '定期体检', '五险一金']",['Unity3D']
unity开发工程师,19-24K·13薪,3-5年,本科,上海,静安区,南京西路,莱科德,10000人以上,其他专业服务,"['定期体检', '补充医疗保险', '免费班车', '交通补助', '年终奖', '加班补助', '节日福利', '餐补', '五险一金', '带薪年假']","['C#', 'Unity3D', 'Shader开发经验', 'OpenGL', 'Maya', '汽车座舱HMI', 'Unity3D开发经验', '软件开发经验', 'Python']"
u3d特效,21-40K,5-10年,学历不限,上海,闵行区,虹桥,域游科技,20-99人,游戏,"['五险一金', '全勤奖', '年终奖', '补充医疗保险', '节日福利']","['3ds MAX', 'unity', '横版', 'Unity 3D', 'RPG游戏', 'U3D', '3D设计', '游戏特效', '写实']"
游戏开发工具工程师,25-45K,3-5年,本科,上海,徐汇区,漕河泾,MiAO,20-99人,游戏,"['补充医疗保险', '定期体检', '包吃', '年终奖', '带薪年假', '团建聚餐', '零食下午茶', '节日福利', '生日福利', '绩效奖金', '全勤奖', '五险一金']","['unity', '游戏', '游戏开发工具工程师']"
资深u3d引擎开发工程师,30-60K·15薪,5-10年,本科,上海,,,巨人网络,1000-9999人,游戏,[],"['引擎开发', 'u3d', '源码']"
资深U3D开发,25-40K·15薪,5-10年,本科,上海,,,某知名游戏公司,1000-9999人,游戏,[],"['Unity3D', '3D游戏客户端开发经验', '手游开发经验', 'Shader开发经验']"
unity 特效,12-16K·13薪,1-3年,大专,上海,杨浦区,五角场,上海历影科技,20-99人,广告/公关/会展,['五险一金'],"['AE', 'Unity 3D']"
Unity研发工程师（小游戏）,10-15K·13薪,1-3年,大专,上海,徐汇区,漕河泾,诗与剑网络,20-99人,游戏,"['生日会', '节日福利', '五险一金', '带薪年假', '员工旅游', '年终奖', '零食下午茶', '商险', '定期体检']","['Unity3D', 'Lua']"
Unity高级/资深工程师(Android方向),30-60K,5-10年,本科,上海,闵行区,虹桥,集度汽车,500-999人,汽车研发/制造,['股票期权'],"['Java', 'C++', 'android', 'unity']"
资深u3d开发,30-50K·15薪,5-10年,本科,上海,,,某大型已上市互联网游戏平台公司,1000-9999人,互联网,"['带薪年假', '定期体检', '零食下午茶', '五险一金', '节日福利', '年终奖', '补充医疗保险', '股票期权']","['Unity3D', '客户端主程', '客户端开发']"
ue特效师   （unity特效也在招的）急,16-30K,3-5年,大专,上海,徐汇区,漕河泾,上海不拘一格数码科技,100-499人,文化艺术/娱乐,"['五险一金', '交通补助', '员工旅游', '年终奖', '零食下午茶', '包吃', '餐补', '节日福利', '绩效奖金', '全勤奖', '带薪年假', '工龄奖', '生日福利', '团建聚餐']","['MOBA游戏', 'RPG游戏', 'RTS游戏', '3ds MAX', 'Maya', 'AE', 'UE4', 'unity']"
Unity研发设计师,10-15K,1-3年,本科,上海,松江区,九亭,支云广告,0-20人,广告营销,"['保底工资', '生日福利', '节日福利', '员工旅游', '绩效奖金', '年终奖', '零食下午茶', '五险一金', '带薪年假', '意外险', '有无线网', '团建聚餐', '加班餐']","['Unity3D', 'C/C++', 'C#', '计算机/软件工程相关专业', 'Unity3D开发经验', '软件开发经验']"
引擎开发专家（图形+动画+双休+不加班）,40-60K·15薪,5-10年,本科,上海,,,某500强上市公司,500-999人,游戏,"['团建聚餐', '通讯补贴', '定期体检', '股票期权', '补充医疗保险', '节日福利', '餐补', '员工旅游', '加班补助', '带薪年假', '住房补贴', '生日福利', '五险一金', '年终奖', '意外险', '零食下午茶', '交通补助']","['Unity3D', 'C/C++', 'C#', 'Unity3D开发经验', '3D游戏客户端开发经验', '手游开发经验', '图形开发', '动画']"
游戏ui设计师,18-25K,5-10年,学历不限,上海,徐汇区,漕河泾,电果科技,100-499人,游戏,"['法定节假日三薪', '底薪加提成', '保底工资', '绩效奖金', '年终奖', '五险一金']","['交互设计', '游戏端', '界面设计', 'PS', 'unity', 'lustrator', '游戏']"
unity技术美术,20-30K,3-5年,大专,上海,浦东新区,张江,辉塔信息,100-499人,计算机软件,"['五险一金', '带薪年假']",['unity 3d Max、Maya']
Unity制作实习,3-5K,经验不限,大专,上海,静安区,汶水路,湃腾文化,20-99人,广告/公关/会展,"['零食下午茶', '全勤奖', '带薪年假', '年终奖', '五险一金', '节日福利', '交通补助', '免费班车']",['计算机相关专业']
资深场景原画（日系奇幻）,20-35K·14薪,5-10年,大专,上海,,,紫龙游戏,500-999人,游戏,"['年终奖', '零食下午茶', '带薪年假', '生日福利', '五险一金', '员工旅游', '团建聚餐', '补充医疗保险', '餐补', '绩效奖金', '定期体检', '节日福利']","['游戏场景原画', '日系奇幻']"
unity地编,8-13K,1-3年,学历不限,上海,徐汇区,漕河泾,逗炫科技,20-99人,游戏,"['零食下午茶', '年终奖', '带薪年假', '节日福利', '全勤奖', '员工旅游', '股票期权', '五险一金']","['场景编辑', '渲染场景', '二次元', '射击游戏', '第三人称', 'Unity', 'Maya', '3ds MAX']"
unity游戏特效/上海/杭州,10-15K,3-5年,学历不限,上海,松江区,九亭,夜龙,0-20人,游戏,"['五险一金', '法定节假日三薪', '零食下午茶', '节假日加班费']","['写实', '二次元', '仙侠风', '第三人称', 'MOBA游戏', '卡牌/战棋', '动作冒险', 'Unity 3D', 'AE', 'U3D']"
Unity/JAVA工程师,100-150元/天,,学历不限,上海,松江区,九亭,上海绘艺灵境网络,20-99人,游戏,"['远程办公', '保底工资', '底薪加提成', '时间自由']","['Java', 'C', 'Python', 'C++', '团队管理经验', '接受居家办公', 'Unity开发', 'Unity', 'AI', '大模型']"
特效向游戏技术美术,15-30K,1-3年,本科,上海,徐汇区,漕河泾,点晴科技,500-999人,互联网,"['五险一金', '补充医疗保险', '全勤奖', '带薪年假']","['Houdini', 'unity', 'Unreal Engine']"
unity高级工程师,20-22K,1-3年,本科,上海,,,广州某大型互联网综合服务平台公司,10000人以上,互联网,"['定期体检', '五险一金', '带薪年假', '节日福利', '年终奖', '免费班车', '全勤奖', '包吃', '补充医疗保险']","['Unity3D', 'Lua']"
unity特效师,15-30K,1-3年,大专,上海,静安区,江宁路,野瞳科技,20-99人,游戏,[],"['写实', '日韩', 'unity ', '特效']"
游戏引擎开发工程师,35-60K·14薪,5-10年,本科,上海,,,某500强上市公司,500-999人,游戏,"['五险一金', '零食下午茶', '定期体检', '补充医疗保险', '带薪年假', '餐补', '绩效奖金', '员工旅游', '团建聚餐', '生日福利', '年终奖', '节日福利']","['Unity3D', 'OpenGL', 'Shader开发经验', '引擎']"
游戏特效师,20-30K·13薪,5-10年,大专,上海,虹口区,北外滩,上海IGG,500-999人,游戏,"['五险一金', '节日福利', '员工旅游', '住房补贴', '定期体检', '餐补', '生日福利', '团建聚餐']","['unity', '游戏特效']"
unity特效师,15-20K,3-5年,大专,上海,松江区,新桥,魔度映绘,0-20人,其他专业服务,"['节日福利', '团建聚餐', '带薪年假', '工龄奖', '五险一金']",['U3D']
Unity技术美术,15-30K·16薪,1-3年,本科,上海,杨浦区,五角场,海妖互动娱乐,20-99人,游戏,[],['游戏引擎']
unity技术美术,15-20K,3-5年,学历不限,上海,静安区,静安寺,麦胜科技,20-99人,广播/影视,"['生日福利', '节日福利', '五险一金', '员工旅游', '零食下午茶', '团建聚餐', '带薪年假', '有无线网']",['Unity']
u3d,7-10K,1-3年,大专,上海,,,雷博士,20-99人,智能硬件,"['孝顺津贴', '带薪年假', '五险一金', '团建聚餐', '零食下午茶']","['C#', 'C/C++', 'unity']"
unity特效组长-卡通风格-乐元素上海,35-50K·15薪,5-10年,大专,上海,,,某大型游戏公司,500-999人,游戏,"['通讯补贴', '股票期权', '定期体检', '补充医疗保险', '餐补', '年终奖', '五险一金', '带薪年假', '住房补贴', '意外险', '生日福利', '零食下午茶', '加班补助', '员工旅游', '节日福利', '交通补助', '团建聚餐']","['U3D', '卡通']"
高级unity开发工程师,20-30K·15薪,3-5年,本科,上海,,,某大型汽车研发/制造公司,1000-9999人,汽车研发/制造,"['节日福利', '餐补', '加班补助', '带薪年假', '补充医疗保险', '意外险', '通讯补贴', '年终奖', '定期体检', '企业年金']",['计算机/软件工程相关专业']
unity特效,8-12K,1-3年,大专,上海,杨浦区,五角场,上海琰鹿网络科技,0-20人,游戏,"['五险一金', '股票期权', '保底工资']","['Q版', '俯瞰', '休闲益智', '卡牌/战棋', 'AE', 'Spine', 'Unity 3D', '3ds MAX']"
unity特效,15-30K,3-5年,大专,上海,杨浦区,五角场,深圳市才萌网络科技,100-499人,游戏,"['保底工资', '股票期权', '节日福利', '绩效奖金', '加班补助', '零食下午茶', '团建聚餐', '全勤奖', '法定节假日三薪', '五险一金', '节假日加班费', '底薪加提成', '年终奖', '工龄奖', '夜班补助', '补充医疗保险', '员工旅游', '定期体检']","['写实', 'Unity 3D']"
高级unity客户端（福州异地招募）,20-35K·13薪,5-10年,本科,上海,杨浦区,江浦路,IGG,1000-9999人,游戏,"['五险一金', '年终奖', '生日福利', '团建聚餐', '餐补', '股票期权', '免费工装', '节日福利', '带薪年假', '定期体检', '员工旅游', '零食下午茶']","['Unity3D', 'Shader开发经验', '3D游戏客户端开发经验', '手游开发经验', 'Unity3D开发经验']"
游戏特效（unity 3d）,16-30K,经验不限,学历不限,上海,浦东新区,张江,一素动漫,100-499人,游戏,"['绩效奖金', '团建聚餐', '五险一金', '加班补助', '零食下午茶']","['半写实', '写实', '仙侠风', '二次元', 'U3D']"
unity高级开发工程师,40-60K·14薪,5-10年,本科,上海,,,某500强上市公司,1000-9999人,游戏,"['零食下午茶', '餐补', '带薪年假', '年终奖', '员工旅游', '定期体检', '补充医疗保险', '交通补助', '全勤奖', '通讯补贴', '五险一金']","['Unity3D', 'C/C++', 'Lua', '3D游戏客户端开发经验', 'Unity3D开发经验', '手游开发经验']"
unity特效设计师,15-24K,1-3年,学历不限,上海,徐汇区,漕河泾,名兮易动网络科技,100-499人,游戏,"['节日福利', '五险一金']","['RPG游戏', 'Unity 3D', '欧美卡通']"
unity开发工程师,20-30K·15薪,3-5年,本科,上海,闵行区,七宝,馨潮,100-499人,电子商务,"['节日福利', '带薪年假', '包吃', '加班补助', '年终奖', '零食下午茶', '员工旅游', '五险一金', '季度奖金']","['C#', 'Unity3D', '渲染管线']"
高级u3d开发工程师,30-50K·15薪,3-5年,本科,上海,浦东新区,塘桥,上海图南企业管理...,20-99人,电子商务,"['定期体检', '五险一金', '补充医疗保险']",['Unity3D']
unity特效（MJ000565）,15-30K,3-5年,大专,上海,浦东新区,张江,域起网络,100-499人,互联网,"['五险一金', '定期体检', '年终奖', '生日福利']","['二次元', 'U3D', '3ds MAX', 'PS', 'AE', 'unity特效']"
unity游戏开发实习生,200-250元/天,,本科,上海,长宁区,新华路,上海垂耳多比科技,20-99人,人工智能,"['定期体检', '年终奖', '节假日加班费', '五险一金', '带薪年假', '法定节假日三薪', '有无线网', '股票期权', '团建聚餐', '零食下午茶']","['C#', 'Java', '接受实习/在校生投递', 'Unity3D', '3D游戏客户端开发经验', '计算机/软件工程相关专业', 'Unity3D开发经验']"
游戏特效组长,25-30K·13薪,3-5年,本科,上海,,,灵动像素,20-99人,游戏,"['带薪年假', '生日福利', '通讯补贴', '底薪加提成', '年终奖', '团建聚餐', '餐补', '定期体检', '绩效奖金', '员工旅游', '五险一金', '工龄奖', '法定节假日三薪', '加班补助', '交通补助', '节日福利', '住房补贴', '零食下午茶', '全勤奖', '下午茶']","['unity', '管理']"
Unity开发，VR开发，安全教育内容的开发。,5-10K,1-3年,学历不限,上海,松江区,松江大学城,丰羽教育,0-20人,计算机软件,[],"['游戏开发', 'Unity3D', 'C#']"
3D技术专家,55-80K·14薪,5-10年,本科,上海,,,某大型智能驾驶计算方案公司,1000-9999人,互联网,"['股票期权', '员工旅游', '节日福利', '通讯补贴', '年终奖', '交通补助', '零食下午茶', '带薪年假', '住房补贴', '五险一金', '定期体检', '补充医疗保险']","['C/C++', 'Unity3D', '软件开发', '车载hmi']"
unity高级开发工程师,25-35K,5-10年,本科,上海,,,某游戏公司,20-99人,游戏,"['五险一金', '生日福利', '零食下午茶', '绩效奖金', '员工旅游', '带薪年假', '团建聚餐', '节日福利']","['Unity3D', 'C/C++', 'C#', '3D游戏客户端开发经验', 'Unity3D开发经验', '手游开发经验', 'AR    Unity']"
unity特效（2次元）,12-22K,3-5年,大专,上海,长宁区,中山公园,鲸游文化,20-99人,电子商务,[],['二次元']
unity特效,10-15K,3-5年,大专,上海,浦东新区,张江,魂月科技,20-99人,游戏,"['员工旅游', '五险一金', '带薪年假', '年终奖']","['3ds MAX', 'MOBA游戏', 'PS', 'Unity 3D', 'AE', 'RPG游戏', '日韩', '二次元', '俯瞰', '动作冒险', '半写实', '写实']"
unity开发实习生（游戏方向）,2-3K,在校/应届,大专,上海,浦东新区,张江,视辰,20-99人,移动互联网,"['带薪年假', '定期体检', '年终奖', '零食下午茶', '餐补', '节日福利', '五险一金']","['C/C++', 'Unity3D']"
游戏音频策划,13-15K,1-3年,大专,上海,杨浦区,五角场,德科信息有限公司,1000-9999人,计算机软件,"['团建聚餐', '生日福利', '节日福利', '企业年金', '年终奖', '意外险', '带薪年假', '五险一金', '股票期权']","['unity', 'Pro Tools', '游戏', 'Wwise']"
unity游戏开发工程师,12-23K·13薪,1-3年,本科,上海,徐汇区,漕河泾,正朗游戏,100-499人,计算机软件,"['全勤奖', '定期体检', '五险一金', '零食下午茶', '带薪年假', '员工福利', '年终奖', '节日福利', '员工旅游', '每年调薪一次']","['Unity3D', '3D游戏客户端开发经验', '计算机/软件工程相关专业']"
Unity开发实习生,200-250元/天,,本科,上海,浦东新区,张江,二三四五网络,100-499人,互联网,"['年终奖', '免息房贷', '定期体检', '五险一金', '员工旅游', '带薪年假', '生日福利', '补充医疗保险', '节日福利', '零食下午茶', '团建聚餐']","['Unity3D', 'C#', 'Unity3D开发经验', '手游开发经验']"
游戏资深客户端开发工程师（主机向）,50-80K,5-10年,本科,上海,,,某大型知名互联网上市公司,10000人以上,互联网,"['餐补', '带薪年假', '定期体检', '五险一金', '补充医疗保险', '加班补助', '免费班车', '节日福利', '年终奖', '住房补贴', '零食下午茶']","['Unity3D', 'UE4', 'C/C++', '计算机/软件工程相关专业', '游戏客户端开发经验', 'UE4开发经验']"
Unity图形工程师(A145959),30-60K·15薪,5-10年,本科,上海,浦东新区,张江,小鹏汽车,10000人以上,汽车研发/制造,"['年终奖', '带薪年假', '补充医疗保险', '股票期权', '包吃', '餐补', '五险一金', '节日福利', '定期体检']","['Unity3D', '计算机/软件工程相关专业']"
资深售前专家 - Unity智能座舱(A192813),30-55K·16薪,10年以上,本科,上海,虹口区,北外滩,Unity中国,500-999人,计算机软件,"['年终奖', '交通补助', '带薪年假', '股票期权', '保底工资', '节日福利', '零食下午茶', '餐补', '绩效奖金', '生日福利', '意外险', '定期体检', '补充医疗保险', '五险一金']","['售前解决方案架构', 'Unity3D', '智能座舱', '车机HMI', '计算机/软件工程相关专业', 'Unity3D开发经验']"
unity游戏开发工程师,12-18K,3-5年,大专,上海,宝山区,宝山万达广场,九毛互娱,0-20人,游戏,"['零食下午茶', '工龄奖', '节假日加班费', '团建聚餐', '股票期权', '夜班补助', '生日福利', '全勤奖']","['Unity3D', '计算机/软件工程相关专业', '软件开发经验', '手游开发经验', 'Unity3D开发经验']"
客户端开发工程师,25-40K·14薪,5-10年,本科,上海,杨浦区,五角场,子雄科技,100-499人,互联网,"['员工旅游', '补充医疗保险', '零食下午茶', '年终奖', '股票期权', '带薪年假', '加班补助', '五险一金', '节日福利']","['Unity3D', 'C/C++', 'C#']"
高级maya动画师,15-25K,5-10年,大专,上海,杨浦区,五角场,武汉神工科技有限公司,20-99人,游戏,"['零食下午茶', '绩效奖金', '全勤奖', '底薪加提成', '保底工资', '五险一金', '意外险', '带薪年假', '定期体检']",['MB']
Unity技术美术,18-25K,3-5年,学历不限,上海,静安区,静安寺,上海雅荣科技有限公司,20-99人,游戏,"['交通补助', '员工旅游', '包住', '团建聚餐', '带薪年假', '加班补助', '住房补贴', '夜班补助', '通讯补贴', '餐补', '全勤奖', '有无线网', '节假日加班费', '零食下午茶', '节日福利', '年终奖', '宿舍有空调', '五险一金', '绩效奖金', '双休']",['unity']
游戏特效（UE/unity/AE/spine）,10-15K,1-3年,学历不限,上海,徐汇区,漕河泾,战吼网络,20-99人,游戏,"['餐补', '生日福利', '意外险', '全勤奖', '绩效奖金', '年终奖', '通讯补贴', '团建聚餐', '带薪年假', '五险一金', '零食下午茶', '节日福利', '加班补助', '交通补助', '定期体检']","['MOBA游戏', 'AE', 'UE4', 'Spine', 'RPG游戏', 'U3D', '二次元', '写实']"
unity技术美术,20-30K,3-5年,本科,上海,闵行区,虹桥,凯朴硕科技,20-99人,互联网,"['五险一金', '带薪年假', '零食下午茶']","['技术美术', 'unity']"
unity主程,20-40K,5-10年,本科,上海,闵行区,虹桥,上海沐睦,100-499人,游戏,"['季度奖', '员工旅游', '定期体检', '股票期权', '全勤奖', '五险一金', '带薪年假', '节日福利']","['Unity3D', 'Unity3D开发经验', '手游开发经验', 'SLG']"
unity技术美术,10-15K,1年以内,大专,上海,徐汇区,建国西路,Notion Base,0-20人,广告营销,"['通讯补贴', '加班补助', '年终奖', '五险一金', '零食下午茶', '节日福利', '员工旅游', '带薪年假', '餐补']",['C# Android Unity3d']
次时代图形渲染专家(明日方舟:终末地),40-60K·16薪,5-10年,本科,上海,,,某大型游戏公司,1000-9999人,游戏,"['生日福利', '住房补贴', '五险一金', '绩效奖金', '补充医疗保险']","['Unity3D', 'C/C++', 'DirectX/Direct3D', 'C#', '3D游戏客户端开发经验', 'Unity3D开发经验', 'Shader开发经验', '端游开发经验']"
Unity 技术美术,15-20K,1-3年,大专,上海,嘉定区,江桥,上海钼达信息科技...,0-20人,计算机软件,"['五险一金', '年终奖']","['Shader', 'C#', '技术美术', 'unity']"
u3d游戏开发工程师,20-35K,5-10年,本科,上海,闵行区,虹桥,边锋,500-999人,游戏,"['意外险', '交通补助', '住房补贴', '高温补贴', '补充医疗保险', '保底工资', '节假日加班费', '定期体检', '补充公积金', '法定节假日三薪', '定期体检', '夜班补助', '团建聚餐', '五险一金', '年终奖', '零食下午茶', '加班补助', '节日福利', '带薪年假', '餐补']","['Unity3D', '手游开发经验']"
Unity AR/MR 软件工程师,150-230元/天,,本科,上海,杨浦区,东外滩,城建信息,100-499人,计算机软件,"['通讯补贴', '补充医疗保险', '定期体检', '餐补', '年终奖', '五险一金', '交通补助', '节日福利']",['游戏引擎']
unity特效师,10-15K,3-5年,高中,上海,虹口区,大柏树,KeenArt,20-99人,游戏,"['意外险', '零食下午茶', '团建聚餐', '年终奖', '生日福利', '节假日加班费', '五险一金', '定期体检', '绩效奖金', '节日福利', '全勤奖', '住房补贴', '带薪年假', '加班补助', '保底工资']","['写实', 'Unity 3D', '游戏过场动画项目', 'unity特效']"
Unity3D/UE开发,15-22K,3-5年,大专,上海,虹口区,四川北路,海马云,100-499人,互联网,"['绩效奖金', '带薪年假', '免费班车', '员工旅游', '五险一金', '节日福利']","['C#', 'C/C++', 'Unity3D', '3D游戏客户端开发经验', 'Unity3D开发经验', '计算机/软件工程相关专业']"
unity3d高级工程师,15-30K,5-10年,本科,上海,徐汇区,漕河泾,凝聚元界,20-99人,互联网,['五险一金'],['Unity3D']
unity开发工程师,15-20K,1-3年,大专,上海,徐汇区,漕河泾,卉曼科技,100-499人,计算机软件,"['年终奖', '五险一金', '零食下午茶', '定期体检', '加班补助', '节日福利']","['C#', 'Lua', 'Unity3D开发经验', 'UGUI/Fgui']"
unity开发工程师,24-30K·16薪,3-5年,本科,上海,浦东新区,张江,连尚网络,1000-9999人,互联网,"['年终奖', '免费班车', '零食下午茶', '团建聚餐', '法定节假日三薪', '五险一金', '定期体检', '带薪年假', '交通补助', '绩效奖金', '商业险', '餐补', '节日福利', '补充医疗保险']","['Unity3D', 'Objective-C', 'Unity3D开发经验', '端游开发经验']"
Unity开发,12-20K,经验不限,大专,上海,浦东新区,张江,域动数字RhythMo,0-20人,计算机软件,"['团建聚餐', '节日福利', '员工旅游', '零食下午茶', '保底工资', '五险一金']","['C#', '计算机相关专业', 'C#开发经验']"
Unity技术美术,8-12K,1-3年,大专,上海,浦东新区,康桥,泛境科技,0-20人,互联网,"['底薪加提成', '股票期权', '有无线网', '住房补贴', '节假日加班费', '节日福利', '全勤奖', '保底工资', '零食下午茶', '工龄奖', '交通补助', '带薪年假', '绩效奖金', '五险一金']","['技术美术', 'Unity']"
unity游戏开发工程师,20-40K·14薪,3-5年,本科,上海,杨浦区,江浦路,藏猫猫,20-99人,互联网,"['零食下午茶', '带薪年假', '五险一金']",['游戏引擎']
unity地编,18-25K,3-5年,大专,上海,,,某大数据公司,20-99人,大数据,"['五险一金', '全勤奖', '股票期权', '住房补贴', '零食下午茶', '包吃', '定期体检', '节日福利', '带薪年假', '补充医疗保险', '通讯补贴', '年终奖', '交通补助', '员工旅游', '餐补']","['Unity', 'APEX风格', '场景编辑', '游戏场景策划/文案', '渲染场景']"
资深游戏全栈开发工程师,25-35K,5-10年,本科,上海,浦东新区,张江,跳跃网络,100-499人,游戏,"['五险一金', '交通补助', '带薪年假', '定期体检', '补充医疗保险', '节日福利']","['前端开发经验', '后端开发经验', 'MMO/3D游戏经验', 'unity', 'cocos']"
C#,12000-15000元/月,5-10年,硕士,上海,普陀区,曹杨,上海育维信息科技...,100-499人,计算机软件,[],"['C#', 'C++', 'C#开发经验', '.NET开发经验', 'unity']"
仿真平台开发,10-15K,经验不限,本科,上海,闵行区,颛桥,姬械机(Machina),100-499人,智能硬件,"['节日福利', '定期体检', '绩效奖金', '股票期权', '餐补', '年终奖', '零食下午茶', '五险一金', '加班补助', '生日福利', '团建聚餐']","['C++', '游戏后端经验', 'unity']"
Unity动画师,15-25K,经验不限,大专,上海,浦东新区,张江,和湃智能,0-20人,移动互联网,"['员工旅游', '交通补助', '年终奖', '餐补', '定期体检', '带薪年假']","['2D动作设计', 'Q版', '卡通风', 'unity', 'Unity3D']"
unity高级开发工程师,29-35K,3-5年,本科,上海,闵行区,虹桥,岱劲信息技术,20-99人,互联网金融,"['年终奖', '餐补', '零食下午茶', '带薪年假', '定期体检', '五险一金', '股票期权', '员工旅游']","['C#', 'Kalman']"
游戏3d特效（外派上海）,10-12K,3-5年,本科,上海,徐汇区,漕河泾,萌动网络,20-99人,游戏,"['节日福利', '带薪年假', '年终奖', '加班补助', '五险一金']","['unity', 'PS', 'HOUDINI', 'AE', 'UE5', '末世', 'AI', '射击游戏', '写实']"
Unity 3D开发工程师,11-20K,3-5年,大专,上海,杨浦区,五角场,上海道纬智能,0-20人,计算机软件,['五险一金'],"['Unity3D', '汽车']"
资深引擎工程师,50-80K,5-10年,本科,上海,,,某大型互联网公司,500-999人,互联网,[],"['C/C++', 'Unity3D', '3D游戏客户端开发经验', 'Shader开发经验', '游戏引擎', '渲染']"
资深3d场景,40-60K·15薪,5-10年,大专,上海,,,某知名游戏公司,1000-9999人,游戏,"['六险一金', '节日福利', '零食下午茶', '员工旅游', '带薪年假', '补充医疗保险', '生日福利', '股票期权', '定期体检', '团建聚餐', '年终奖', '项目奖金']","['场景编辑', '模型制作', '二次元', '日韩', '欧美现代', 'RPG游戏', '卡牌/战棋', '动作冒险', 'Unity']"
unity特效师,11-22K,经验不限,学历不限,上海,普陀区,金沙江路,广州市码锋网络有...,0-20人,游戏,"['定期体检', '全勤奖', '股票期权', '带薪年假', '加班补助', '年终奖', '员工旅游', '补充医疗保险', '五险一金']","['MOBA游戏', 'Unity 3D', '第一人称', 'RPG游戏', '半写实', '写实', '第三人称']"
UI蓝图-大厂六险一金,13-16K,1-3年,学历不限,上海,徐汇区,漕河泾,武汉佰钧成技术,1000-9999人,计算机软件,"['补充医疗保险', '节日福利', '定期体检', '带薪年假', '五险一金']","['unity', 'PS', 'Fgui', 'UE4', 'Cocos']"
游戏特效师,11-19K,3-5年,大专,上海,宝山区,共康,星与游,20-99人,游戏,"['加班补助', '五险一金']","['unity', '写实特效']"
unity技术美术,8-10K,1-3年,大专,上海,浦东新区,金桥,盛之源装饰材料,20-99人,自动化设备,"['员工旅游', '节日福利', '包吃', '全勤奖', '社保']",['工作氛围融洽和谐']
TA leader (渲染向）,25-50K,3-5年,本科,上海,黄浦区,外滩,乐元素,500-999人,游戏,"['加班补助', '餐补', '通讯补贴', '意外险', '五险一金', '年终奖', '定期体检', '团建聚餐', '交通补助', '生日福利', '员工旅游', '股票期权', '带薪年假', '零食下午茶', '节日福利', '补充医疗保险', '住房补贴']","['渲染', 'shader', 'TA', '技术美术', 'unity', 'NPR']"
游戏音效设计师,13-15K,1-3年,本科,上海,杨浦区,五角场,微澜软件,100-499人,咨询,"['带薪年假', '定期体检', '五险一金', '年终奖', '员工旅游']","['Pro Tools', '游戏', '游戏音频制作', 'unity', 'Wwise']"
Android Unreal Qt Unity 应届生培训,2-3K,在校/应届,大专,上海,青浦区,赵巷,荷阁科技,20-99人,汽车零部件,"['五险一金', '保底工资', '年终奖', '定期体检', '绩效奖金']","['C++', 'Java', 'QT', 'OpenGL']"
游戏3D动作设计,15-30K,5-10年,学历不限,上海,浦东新区,上南,完美世界,1000-9999人,游戏,"['定期体检', '节日福利', '带薪年假', '员工旅游', '五险一金', '交通补助', '补充医疗保险', '年终奖', '餐补', '免费健身房']","['开放世界', 'unity', 'RPG游戏']"
Unity技术美术,18-25K·13薪,3-5年,学历不限,上海,闵行区,虹桥,途漾智能,20-99人,汽车研发/制造,"['五险一金', '带薪年假', '补充医疗保险', '定期体检', '年终奖', '员工旅游']","['unity', '技术美术', 'C#', 'Shader']"
游戏技术美术（TA）,30-60K·14薪,3-5年,本科,上海,徐汇区,漕河泾,趣糖网络,20-99人,游戏,"['定期体检', '绩效奖金', '节日福利', '企业年金', '带薪年假', '团建聚餐', '五险一金', '年终奖', '零食下午茶']","['unity', '技术美术']"
Unity游戏项目主程,10-15K,5-10年,本科,上海,黄浦区,外滩,谷制文化传播,0-20人,文化艺术/娱乐,[],"['Unity3D', 'C/C++', 'C#', 'Java', '计算机/软件工程相关专业', 'Unity3D开发经验', '软件开发经验', '手游开发经验', 'Shader开发经验']"
高级Unity开发工程师,26-50K,5-10年,本科,上海,长宁区,北新泾,上海跳珠网络,20-99人,游戏,"['节日福利', '零食下午茶', '项目奖金', '五险一金', '绩效奖金', '生日福利', '定期体检', '年终奖', '带薪年假']","['Unity3D', '修仙', 'GamePlay', 'Unity3D开发经验', 'MMORPG']"
UE4/Unity高级开发工程师,11-22K,3-5年,本科,上海,松江区,莘闵别墅,雷勤科技,20-99人,社交网络,[],"['UE4开发', 'U3D开发', 'C#', 'Lua', '游戏']"
游戏特效,15-30K,3-5年,学历不限,上海,浦东新区,三林,蜂果网络,100-499人,游戏,"['带薪年假', '节日福利', '五险一金', '生日会', '定期体检', '零食下午茶', '年终奖', '员工旅游', '股票期权']","['游戏', '光影特效', '技能特效', '场景特效', '视觉特效', 'unity']"
游戏特效师,15-25K,经验不限,学历不限,上海,长宁区,中山公园,灵心艺动,1000-9999人,游戏,"['带薪年假', '节日福利', '零食下午茶', '团建聚餐', '五险一金']","['unity', 'Messiah', 'UE4']"
Unity/UE 技术美术,30-55K·15薪,3-5年,本科,上海,杨浦区,东外滩,英语流利说,1000-9999人,在线教育,"['底薪加提成', '带薪年假', '五险一金', '节日福利', '意外险', '团建聚餐', '有无线网', '绩效奖金', '定期体检', '补充医疗保险', '零食下午茶']","['UE', 'Unity', 'Shader', 'C++', 'C#']"
Unity 策划,8-13K,1-3年,本科,上海,闵行区,吴泾,上海昊嘉,20-99人,游戏,[],['Unity']
系统策划,11-20K·14薪,1-3年,本科,上海,闵行区,虹桥,CMGE中手游,1000-9999人,互联网,"['通讯补贴', '节日福利', '加班补助', '餐补', '五险一金', '零食下午茶', '补充医疗保险', '带薪年假', '定期体检', '交通补助', '股票期权', '团建聚餐', '年终奖', '员工旅游', '生日福利']","['开放世界', '系统玩法设计', 'unity', '社交', '外观']"
游戏测试【3D派对社交游戏】,11-20K,经验不限,本科,上海,浦东新区,上南,炫稷网络,20-99人,游戏,"['年终奖', '生日福利', '意外险', '住房补贴', '团建聚餐', '五险一金', '带薪年假', '交通补助', '股票期权', '定期体检', '绩效奖金', '包吃', '节日福利', '补充医疗保险']","['手游测试经验', '丰富的游戏经验', '开发经验', '软件测试经验', 'Python', 'unity']"
Unity特效师,7-12K,1-3年,大专,上海,闵行区,漕宝路,三纪,0-20人,游戏,[],"['写实风格', 'unity', '二次元', '游戏特效']"
unity 主程序,15-20K,3-5年,学历不限,上海,松江区,松江大学城,洪丙旺畅网络科技公司,0-20人,游戏,"['团建聚餐', '节日福利', '上班看nba', '带薪年假', '有无线网', '五险一金', '零食下午茶', '生日福利', '全勤奖']","['独立游戏', 'steam']"
游戏UI设计师,10-15K,1-3年,学历不限,上海,浦东新区,张江,杭州一粹,100-499人,游戏,"['节日福利', '带薪年假', '节假日加班费', '零食下午茶', '交通补助', '年终奖', '住房补贴', '生日福利', '五险一金', '定期体检', '法定节假日三薪', '补充医疗保险', '加班补助', '餐补', '保底工资', '员工旅游', '绩效奖金', '团建聚餐', '股票期权', '全勤奖']","['UI', 'MMO手游', 'unity']"
unity客户端程序员,15-25K,3-5年,本科,上海,普陀区,武宁,ASeedGames,20-99人,游戏,"['交通补助', '带薪年假', '五险一金', '节日福利', '全勤奖', '年终奖']","['C++', 'C语言', 'Java', '计算机相关专业', 'C++服务端开发经验']"
u3d高级工程师,30-40K,5-10年,本科,上海,,,某大型互联网公司,10000人以上,互联网,[],['Unity3D']
（G企急招，反馈快！）Unity开发工程师,21-25K,3-5年,本科,上海,,,某大型计算机服务公司,100-499人,计算机服务,[],"['Unity3D', 'C#', 'Unity3D开发经验', '计算机/软件工程相关专业', '物联网', '可视化', '大屏']"
游戏UI专家,35-65K·15薪,5-10年,本科,上海,,,某大型游戏上市公司,1000-9999人,游戏,"['免费健身房', '年终奖', '员工旅游', '交通补助', '餐补', '节日福利', '带薪年假', '补充医疗保险', '定期体检', '五险一金']","['视觉设计', '游戏端', '平面设计', '界面设计', '游戏UI']"
高级Unity技术工程师（C#）,8-15K,经验不限,学历不限,上海,虹口区,四川北路,RessVR,20-99人,互联网,['五险一金'],"['C#', 'C/C++', 'Unity3D']"
地编,10-15K,3-5年,大专,上海,长宁区,中山公园,上海预言,100-499人,游戏,"['节假日加班费', '团建聚餐', '通讯补贴', '餐补', '节日福利', '生日福利', '全勤奖', '交通补助', '加班补助', '带薪年假', '绩效奖金', '五险一金']",['unity']
游戏主美（UI）,15-25K,3-5年,大专,上海,徐汇区,漕河泾,杭州苏游,20-99人,游戏,"['员工旅游', '团建聚餐', '五险一金', '年终奖']","['UI', 'Photoshop', 'unity']"
技术美术TA-动画向 / 渲染向（沪杭）,35-60K·16薪,3-5年,本科,上海,,,某500强上市公司,10000人以上,游戏,"['餐补', '免费班车', '包吃', '年终奖', '带薪年假', '员工旅游', '定期体检', '补充医疗保险', '股票期权', '节日福利', '五险一金', '交通补助']","['美术向TA', '动画向TA', 'UE4', '渲染', 'unity']"
游戏界面设计师,11-20K,5-10年,学历不限,上海,徐汇区,漕河泾,怪力视效,100-499人,游戏,"['五险一金', '年终奖', '零食下午茶', '带薪年假', '员工旅游', '定期体检', '节日福利', '餐补']","['界面设计', '图标设计', '界面设计', '射击游戏', '动作冒险', 'unity']"
Unity技术美术,15-22K,3-5年,本科,上海,徐汇区,漕河泾,拜伦文化,100-499人,广告/公关/会展,"['零食下午茶', '股票期权', '团建聚餐', '生日福利', '学习费用报销', '住房补贴', '有无线网', '年终奖', '员工旅游', '节日福利', '保底工资', '加班补助', '五险一金', '定期体检', '生日福利', '带薪年假']","['AR/VR', 'Unity技术美术']"
材质美术师/Material Artist,15-25K·13薪,1-3年,大专,上海,长宁区,新华路,维塔士,1000-9999人,游戏,"['补充医疗保险', '年终奖', '节日福利', '带薪年假', '五险一金', '零食下午茶', '餐补', '员工旅游', '定期体检']","['欧美风', 'SP', 'SD', 'UE4', 'unity', 'designer']"
unity特效师,15-20K,3-5年,大专,上海,闵行区,虹桥,云遮月科技有限公司,100-499人,游戏,"['绩效奖金', '年终奖', '股票期权', '节日福利', '底薪加提成', '五险一金', '生日福利', '交通补助']","['Unity 3D', 'Q版']"
Unity前端开发,15-25K,1-3年,本科,上海,静安区,汶水路,英雄电竞,1000-9999人,游戏,"['五险一金', '定期体检', '带薪年假', '节日福利', '年终奖']","['C/C++', 'C#', 'Unity3D', 'Unity3D开发经验', '3D游戏客户端开发经验', 'VR/AR开发经验']"
C/C++,35-45K,3-5年,本科,上海,徐汇区,龙华,索尼,10000人以上,电子商务,"['交通补助', '五险一金', '通讯补贴', '定期体检', '带薪年假', '公司假期', '年终奖']","['C', 'C++', '音视频经验', '游戏后端经验', 'unity', 'unreal']"
3D特效/引擎特效/2D特效,15-20K,3-5年,大专,上海,浦东新区,张江,高清艺术,100-499人,游戏,"['五险一金', '节日福利', '加班补助', '年终奖', '带薪年假', '全勤奖']","['写实', '科幻', '欧美现代', '第一人称', '第三人称', 'MOBA游戏', '动作冒险', '射击游戏', 'U3D', 'unity', '3D特效', 'UE4']"
游戏技术美术,20-30K·15薪,3-5年,本科,上海,徐汇区,徐家汇,四三三,20-99人,游戏,"['住房补贴', '餐补', '带薪年假', '零食下午茶', '定期体检', '五险一金']","['技术美术', 'shader', 'unity', 'TA']"
unity特效,13-18K·13薪,3-5年,本科,上海,嘉定区,江桥,罗藤树,20-99人,广播/影视,"['节假日加班费', '年终奖', '带薪年假', '节日福利', '五险一金', '零食下午茶', '保底工资', '加班补助', '底薪加提成', '有无线网', '绩效奖金', '团建聚餐']","['写实', '欧美现代', '魔幻']"
unity 3d开发工程师,7-12K,1-3年,本科,上海,普陀区,武宁,智幻科技,100-499人,企业服务,"['五险一金', '定期体检', '年终奖', '带薪年假', '员工旅游']","['c#', 'c++', 'Unity3D', ' Python', 'U3D开发', 'JavaScript', 'Java', 'PHP']"
客户端执行主程（MMO项目）,50-70K·14薪,5-10年,本科,上海,浦东新区,张江,欢乐互娱,500-999人,游戏,"['年终奖', '包三餐', '免费班车', '带薪年假', '员工旅游', '交通补助', '零食下午茶', '五险一金', '定期体检', '股票期权', '节日福利']","['C/C++', '手游开发经验']"
游戏界面拼接（第三方）,10-15K,1-3年,大专,上海,徐汇区,漕河泾,FunPlus,1000-9999人,游戏,"['带薪年假', '股票期权', '企业年金', '保底工资', '绩效奖金', '定期体检', '员工旅游', '零食下午茶', '年终奖', '补充医疗保险', '餐补', '加班补助', '五险一金', '节日福利']","['界面设计', '仙侠风', '界面拼接', 'UI拼接', 'unity']"
unity特效师,8-12K,1-3年,大专,上海,徐汇区,漕河泾,艺诣,20-99人,游戏,"['带薪年假', '节日福利', '加班补助', '团建聚餐', '定期体检', '年终奖', '全勤奖', '绩效奖金', '五险一金', '员工旅游', '零食下午茶']",[]
3D特效培训总监,40-70K,5-10年,学历不限,上海,闵行区,虹桥,名匠,1000-9999人,游戏,"['绩效奖金', '零食下午茶', '五险一金', '节日福利']","['3ds MAX', 'unity', 'ps', 'AE', 'ue5', 'Maya']"
技术策划负责人,40-60K·15薪,5-10年,本科,上海,,,某中型全球游戏研发和发行公司,500-999人,游戏,"['带薪年假', '股票期权', '免费班车', '年终奖', '五险一金', '员工旅游', '节日福利', '交通补助', '包三餐', '定期体检', '零食下午茶']","['技能系统设计', 'Unity', 'RPG游戏']"
游戏测试,10-15K,1-3年,大专,上海,黄浦区,打浦桥,犬酱组,20-99人,游戏,"['周年礼物', '全勤奖', '节日福利', '零食下午茶', '年终奖', '五险一金', '生日福利', '交通补助', '餐补', '团建聚餐', '定期体检', '带薪年假']","['手游测试经验', 'unity']"
资深引擎开发工程师,30-50K·16薪,5-10年,本科,上海,,,某知名游戏公司,1000-9999人,游戏,"['带薪年假', '生日福利', '定期体检', '补充医疗保险', '节假日加班费', '团建聚餐', '五险一金', '节日福利', '免费班车', '年终奖', '交通补助']","['Unity3D', 'C/C++', 'C#', 'Unity3D开发经验', '3D游戏客户端开发经验', '手游开发经验']"
2D资深特效师,11-19K,5-10年,学历不限,上海,浦东新区,南码头,茉萱信息,20-99人,游戏,[],"['Spine', 'unity']"
VR游戏开发UE/Unity客户端,15-25K,3-5年,本科,上海,普陀区,长寿路,上海二马新艺文化传媒,20-99人,文化艺术/娱乐,"['员工旅游', '定期体检', '带薪年假', '年终奖', '绩效奖金', '五险一金']","['UE4', 'Unity3D', 'C/C++', '游戏客户端开发经验', 'UE4开发经验']"
Unity客户端开发,11-16K,1-3年,本科,上海,徐汇区,龙华,亿达信息,1000-9999人,计算机软件,"['五险一金', '带薪年假', '补充医疗保险', '节日福利', '加班补助', '定期体检']",['Unity3D']
Unity场景编辑,25-50K·16薪,3-5年,本科,上海,浦东新区,张江,百度,10000人以上,互联网,"['免费班车', '补充医疗保险', '定期体检', '节日福利', '五险一金', '加班补助', '交通补助', '住房补贴', '通讯补贴', '零食下午茶', '娱乐健身', '带薪年假', '员工旅游', '餐补', '年终奖']",['游戏动画经验']
客户端开发-版本构建与资源管理(H6505),30-60K·16薪,5-10年,本科,上海,,,沐瞳科技,1000-9999人,游戏,"['团建聚餐', '员工旅游', '零食下午茶', '六险一金', '带薪年假', '项目奖金', '补充医疗保险', '生日福利', '股票期权', '定期体检', '年终奖', '节日福利']","['Unity3D', 'C#', '计算机/软件工程相关专业']"
设备软件工程师,15-23K,1-3年,本科,上海,浦东新区,康桥,惠甫医疗,0-20人,医疗器械,"['年终奖', '生日福利', '五险一金', '带薪年假', '绩效奖金', '员工旅游', '定期体检']","['前端、后端', 'unity', '康复软件']"
游戏测试【社交app】,11-20K,3-5年,本科,上海,浦东新区,三林,竹子互联网信息服务,100-499人,游戏,"['员工旅游', '定期体检', '生日福利', '交通补助', '团建聚餐', '三餐', '五险一金', '住房补贴', '带薪年假', '年终奖', '有无线网', '零食下午茶', '节日福利', '包吃', '亲属体检补贴']","['计算机相关专业', '丰富的游戏经验', '开发经验', 'unity', '社交app', '沙盒游戏']"
游戏UI界面重构UI拼接（外派岗位）,10-15K,1-3年,学历不限,上海,,,乾罡,20-99人,游戏,"['每月绩效奖金', '员工旅游', '带薪年假', '年终奖', '定期体检', '周末双休', '五险一金', '节日福利']","['unity', '界面设计', 'PS', '切图和标注', 'cocos', 'ui拼接']"
Unity美术,12-17K,1-3年,本科,上海,黄浦区,人民广场,迷茵科技,0-20人,游戏,[],"['多风格擅长', '3D场景']"
unity游戏开发工程师,10-11K,1-3年,本科,上海,闵行区,颛桥,洲享,100-499人,计算机软件,"['五险一金', '加班补助', '年终奖', '带薪年假', '住房补贴']","['Unity3D', 'C#', 'OpenGL', '计算机/软件工程相关专业', 'Unity3D开发经验', 'VR/AR开发经验']"
Unity研发工程师（VR/AR）,10-15K,3-5年,大专,上海,长宁区,仙霞,铜豆,0-20人,计算机软件,[],['游戏引擎']
游戏运营,10-15K,1-3年,大专,上海,徐汇区,徐家汇,博彦科技,10000人以上,计算机软件,"['节日福利', '定期体检', '带薪年假', '五险一金', '年终奖', '免费班车']","['资深游戏玩家', '游戏内容运营', '游戏社群/用户运营', 'unity', '宣发']"
3D图形算法工程师（渲染方向）,25-35K,1-3年,硕士,上海,静安区,汶水路,上海米居,1000-9999人,互联网,"['五险一金', '生日祝福', '节日福利', '部门团建经费', '年会旅游', '员工旅游', '工作餐']","['C++', '视觉图像算法', '深度学习算法', 'OpenGL', 'UE4', 'unity', '3D图形学']"
网易游戏 - 客户端开发（双休）,17-21K·13薪,经验不限,本科,上海,徐汇区,漕河泾,网易游戏,10000人以上,游戏,"['定期体检', '员工旅游', '年终奖', '带薪年假', '餐补', '五险一金', '交通补助', '补充医疗保险', '股票期权', '免费班车', '节日福利', '包吃']","['Python', 'unity', '游戏开发', 'gameplay', '服务端']"
游戏技术美术,15-30K,3-5年,本科,上海,松江区,泗泾,上海展旗网络有限公司,20-99人,游戏,"['零食下午茶', '五险一金', '团建聚餐', '定期体检', '员工旅游', '节日福利', '底薪加提成', '生日福利', '带薪年假', '绩效奖金', '年终奖', '工龄奖', '加班补助']","['shader', 'unity', 'UE']"
技术策划负责人,40-60K·15薪,5-10年,本科,上海,,,某中型游戏公司,500-999人,游戏,"['包三餐', '员工旅游', '交通补助', '股票期权', '节日福利', '带薪年假', '定期体检', '年终奖', '零食下午茶', '免费班车', '五险一金']","['MOBA游戏', 'RTS游戏']"
h5游戏,10-15K·13薪,1-3年,大专,上海,静安区,汶水路,咔丘互娱,0-20人,游戏,"['零食下午茶', '年终奖', '带薪年假', '定期体检', '住房补贴', '团建聚餐', '员工旅游', '五险一金', '节日福利', '股票期权', '生日福利']","['Cocos Creator', 'HTML5', 'LayaAir/Egret', '微信小游戏开发经验', 'unity']"
初级unity开发工程师,10-15K,在校/应届,本科,上海,,,波克城市,1000-9999人,游戏,"['团建聚餐', '包吃', '年终奖', '工龄奖', '带薪年假', '五险一金', '补充医疗保险', '员工旅游', '零食下午茶', '节日福利', '定期体检', '住房补贴', '生日福利', '交通补助']","['C#', 'Unity3D', '3D游戏客户端开发经验', '计算机/软件工程相关专业', 'Unity3D开发经验']"
游戏大厂Unity客户端开发,45-75K·16薪,5-10年,本科,上海,,,某大型互联网OTO平台上市公司，主要办公地点在北京、广州、杭州、上海,10000人以上,互联网,"['定期体检', '包吃', '补充医疗保险', '节日福利', '带薪年假', '全勤奖', '免费班车', '五险一金', '年终奖']","['Unity3D', '游戏客户端开发']"
资深游戏特效（unity）,20-30K,3-5年,学历不限,上海,徐汇区,漕河泾,奇源笙网络,20-99人,游戏,"['五险一金', '节日福利', '零食下午茶', '带薪年假', '团建聚餐']","['二次元', '俯瞰']"
unity开发工程师,20-40K·16薪,3-5年,本科,上海,,,某人工智能公司,20-99人,人工智能,"['带薪年假', '生日福利', '绩效奖金', '住房补贴', '餐补', '定期体检', '交通补助', '股票期权', '补充医疗保险', '节日福利', '年终奖', '员工旅游', '保底工资', '五险一金']","['Unity3D', 'C/C++', 'C#', '3ds Max', 'Maya', 'Unity3D开发经验']"
资深Unity开发工程师（偶像梦幻祭）,20-40K·15薪,5-10年,本科,上海,,,某500强上市公司,500-999人,游戏,"['餐补', '节日福利', '通讯补贴', '五险一金', '团建聚餐', '股票期权', '员工旅游', '定期体检', '年终奖', '住房补贴', '交通补助', '带薪年假', '补充医疗保险', '加班补助', '意外险', '零食下午茶', '生日福利']","['Unity3D', '3D游戏客户端开发经验', '手游开发经验', 'shader', '渲染']"
3d地编（unity）,45-65K,3-5年,学历不限,上海,,,某大型已上市互联网公司,1000-9999人,互联网,"['节日福利', '股票期权', '定期体检', '零食下午茶', '五险一金', '补充医疗保险', '年终奖', '带薪年假']",[]
高级Unity引擎开发工程师,30-60K·15薪,5-10年,本科,上海,,,某大型游戏公司,500-999人,游戏,"['年终奖', '意外险', '育儿假', '六险一金', '带薪年假', '交通补助', '生日福利', '节日福利', '零食下午茶', '全勤奖', '通讯补贴', '加班补助', '节假日加班费', '团建聚餐', '员工旅游', '定期体检']","['C/C++', 'Unity3D', '3D游戏客户端开发经验']"
资深游戏客户端开发工程师,40-60K,5-10年,本科,上海,,,某知名游戏公司,1000-9999人,游戏,"['定期体检', '生日福利', '节日福利', '节假日加班费', '年终奖', '免费班车', '五险一金', '交通补助', '团建聚餐', '补充医疗保险', '带薪年假']","['Unity3D', '游戏开发', '游戏客户端']"
资深战斗客户端开发,30-55K·16薪,5-10年,本科,上海,杨浦区,五角场,叠纸游戏,1000-9999人,游戏,"['团建聚餐', '定期体检', '餐补', '带薪年假', '节日福利', '零食下午茶', '补充医疗保险', '员工旅游', '生日福利', '年终奖', '五险一金']","['Unity3D', '3D游戏客户端开发经验', 'Unity3D开发经验', '手游开发经验']"
unity引擎开发,40-60K·16薪,5-10年,本科,上海,,,某大型互联网上市集团公司,500-999人,互联网,[],"['Unity3D', '性能优化']"
资深Unity开发工程师,30-55K·16薪,5-10年,学历不限,上海,,,某中型游戏公司,100-499人,游戏,"['零食下午茶', '节假日加班费', '全勤奖', '五险一金', '餐补', '年终奖', '定期体检']",['前端开发经验']
ui拼接(unity),10-15K,1-3年,学历不限,上海,徐汇区,漕河泾,新木网络,100-499人,游戏,"['交通补助', '员工旅游', '带薪年假', '五险一金']","['切图和标注', '界面设计']"
Unity游戏客户端--上海,50-80K,5-10年,本科,上海,,,某游戏公司,0-20人,游戏,[],"['Unity3D', 'UE4', 'C/C++', 'UE4开发经验', '计算机/软件工程相关专业', '预测回滚方案', 'unity开发']"
资深unity战斗开发（暗黑写实多人协作竞技,30-55K,5-10年,本科,上海,徐汇区,漕河泾,Garena,1000-9999人,游戏,"['零食下午茶', '补充医疗保险', '餐补', '股票期权', '年终奖', '定期体检', '带薪年假', '五险一金']","['Unity3D', 'C#', '3D游戏客户端开发经验', 'Unity3D开发经验', '手游开发经验']"
Unity游戏客户端开发,50-80K·16薪,5-10年,大专,上海,,,某大型游戏公司,100-499人,游戏,"['五险一金', '交通补助', '带薪年假', '加班补助', '通讯补贴', '员工旅游', '年终奖', '补充医疗保险', '节日福利', '全勤奖', '包吃', '定期体检', '餐补', '零食下午茶']","['Unity3D', '3D游戏客户端开发经验', 'Unity3D开发经验', 'U3D']"
资深场景模型师,35-50K·16薪,5-10年,大专,上海,,,某大型网络游戏上市公司,1000-9999人,游戏,"['节日福利', '餐补', '年终奖', '补充公积金', '补充医疗保险', '员工旅游', '生日福利', '团建聚餐', '五险一金', '定期体检', '带薪年假', '交通补助', '法定节假日三薪']","['建筑规划', '山石 植被 硬表面', '雕刻 sd材质 道具模块']"
Unity游戏客户端开发（工具）-预研,30-60K·16薪,5-10年,本科,上海,徐汇区,漕河泾,米哈游,1000-9999人,游戏,"['定期体检', '团建聚餐', '年会福利', '带薪年假', '年终奖', '零食下午茶', '节日福利', '五险一金', '补充医疗保险']","['Unity3D', 'Unity3D开发经验', '3D游戏客户端开发经验']"
3D特效,12-18K,1-3年,学历不限,上海,浦东新区,张江,深圳魔术盒,20-99人,游戏,"['五险一金', '带薪年假', '全勤奖', '员工旅游', '补充医疗保险', '股票期权', '加班补助']","['unity', 'ps半写实', '卡通类']"
高级Unity游戏特效师（二次元风格）急急急,15-23K,5-10年,大专,上海,浦东新区,张江,上海动效喵,20-99人,游戏,"['节日福利', '加班补助', '零食下午茶', '带薪年假', '保底工资', '团建聚餐', '绩效奖金', '五险一金']","['U3D特效', 'Unity 3D', 'U3D', '二次元', 'unity特效']"
Senior Mobile Unity Developer 早9晚6,25-35K,3-5年,本科,上海,,,某大型培训公司,10000人以上,培训/辅导机构,[],['Unity3D']
技术美术工程师（程序方向）,16-30K·14薪,在校/应届,本科,上海,长宁区,仙霞,友塔游戏,1000-9999人,游戏,"['定期体检', '大佬零距离', '房补', '餐补', '带薪年假', '零食下午茶', '节日福利', '年终奖', '交通补助', '私人定制导师', '丰富趣味活动', '五险一金', '超大晋升空间']","['C/C++', '图形开发/渲染', 'C++', 'C', 'C#', '计算机图形学', 'U3D/UE4', '图形开发经验', 'unity', 'UE4']"
unity开发专员,13-26K,1-3年,学历不限,上海,徐汇区,漕河泾,游族网络,1000-9999人,游戏,"['带薪年假', '定期体检', '五险一金', '全勤奖', '员工旅游', '补充医疗保险', '餐补', '零食下午茶', '节日福利', '年终奖']","['Unity3D', 'C#', 'Lua', '手游开发经验', 'Unity3D开发经验']"
Unity游戏客户端开发（系统）,35-55K·14薪,3-5年,本科,上海,,,某知名游戏公司,1000-9999人,游戏,"['定期体检', '团建聚餐', '节日福利', '零食下午茶', '年终奖', '补充医疗保险', '带薪年假', '五险一金', '年会福利']","['Unity3D', '3D游戏客户端开发经验', 'Unity3D开发经验', 'UI框架', 'gameplay']"
高级客户端开发工程师-系统（SLG）,25-35K·16薪,5-10年,本科,上海,徐汇区,漕河泾,莉莉丝游戏,1000-9999人,游戏,"['免费班车', '节假日加班费', '定期体检', '团建聚餐', '交通补助', '补充医疗保险', '五险一金', '年终奖', '节日福利', '带薪年假', '生日福利']","['Unity3D', 'C#', 'Lua']"
游戏unity开发,20-26K,3-5年,大专,上海,徐汇区,漕河泾,北京七凌科技有限公司,100-499人,移动互联网,"['节日福利', '带薪年假', '五险一金']","['C#', 'Unity3D', 'Lua', '3D游戏客户端开发经验', 'Unity3D开发经验']"
游戏技术美术(ta),25-30K·13薪,3-5年,本科,上海,虹口区,江湾,SNH48,500-999人,互联网,"['五险一金', '年终奖', '节日福利', '餐补', '员工旅游', '带薪年假']","['unity', '游戏']"
Unity开发,13-18K,3-5年,本科,上海,徐汇区,漕河泾,GUOE,100-499人,计算机软件,"['零食下午茶', '员工旅游', '通讯补贴', '节日福利', '定期体检', '年终奖', '带薪年假', '交通补助', '餐补', '五险一金']","['Unity3D', 'C/C++', 'Lua', 'C#', 'Unity3D开发经验', '3D游戏客户端开发经验']"
高级Unity开发工程师（车载HMI方向）,20-40K·15薪,5-10年,本科,上海,,,某中型半导体/芯片公司,100-499人,半导体/芯片,"['五险一金', '年终奖', '团建聚餐', '员工旅游', '补充医疗保险', '股票期权', '保底工资', '意外险', '节日福利', '定期体检', '生日福利', '带薪年假']",[]
技术美术TA-美术向,12-20K,在校/应届,本科,上海,,,巨人网络,1000-9999人,游戏,[],"['unity', '技术美术']"
Unity地编,17-25K,3-5年,大专,上海,浦东新区,张江,安徽艾偲信息技术,20-99人,计算机软件,"['绩效奖金', '年终奖']",['地编']
