id,position_name,company_name,salary,work_city,work_exp,education,company_size,company_type,industry,position_url,job_summary,welfare,salary_count
1,Python工具开发,软通动力信息技术(集团)股份有限公司,1.2万-1.8万,北京,1-3年,本科,10000人以上,民营,互联网,http://www.zhaopin.com/jobdetail/CC000544460J40654628416.htm,1.有2年以上编程经验，熟练掌握python开发，懂pyqt的，有图像处理或者数据处理经验者加分（语言要求：python），会C是加分项。2.使用python开发过客户端3.良好的沟通能力4.工作责任心强注：男女生均可；不要应届生，要有经验的；,,
2,Python运维开发专家,东华软件股份公司,1.2万-1.6万,北京,5-10年,大专,1000-9999人,上市公司,计算机软件,http://www.zhaopin.com/jobdetail/CC193399810J40679201507.htm,1、大专及以上学历，具有8年以上互联网工作经验，5年以上技术主力担当，精通python开发及测试相关工作。2、具备财险相关项目经验，熟悉信息安全行业相关技术，有互联网应用架构经验优先。3、熟悉分布式数据库，有分布式数据库或分布式数据库中间件使用经验，有传统数据库调优经验。4、熟悉面向对象设计，熟悉大数据量、高并发、高性能的分布式系统的设计及应用、调优。5、精通Kafka、RocketMQ、Rabb...,,
3,python全栈开发工程师,北京阿提拉科技有限公司,1.6万-2.4万,北京,3-5年,大专,300-499人,民营,计算机软件,http://www.zhaopin.com/jobdetail/CC147646000J40707286714.htm,岗位内容：1. 参与Python Web应用程序的开发和维护。2. 配合团队完成项目计划和进度，协调解决团队合作中的问题。3. 编写和维护高质量的代码，确保代码易于理解、可维护和可扩展。4. 参与应用程序架构设计、性能优化和版本管理。5. 利用Python技术进行数据分析和处理。任职要求： 1. 熟练掌握Python语言，有一定的Web开发经验。2. 熟悉MySQL、Oracle、MongoDB等...,,
4,RPA开发工程师,杭州衡泰技术股份有限公司,1.6万-1.8万,北京,3-5年,本科,1000-9999人,外商独资,计算机软件,http://www.zhaopin.com/jobdetail/CC140358190J40558850206.htm,1、三年以上工作经验，有金融行业项目经验优先；2、有RPA技术实施经验，熟悉RPA常用工具，例如来也、金智维或UiPath等；3、熟悉前端开发技术(HTML5、JS、CSS)、编程语言、数据库技术优先；；4、较好的学习新技术技能的能力、沟通理解能力、问题分析和解决能力;5、积极乐观；认真负责，愿意与他人合作。,,13薪
5,华为云鸿蒙高级开发,软通动力信息技术(集团)股份有限公司,1.3万-2.5万,北京,5-10年,本科,10000人以上,民营,互联网,http://www.zhaopin.com/jobdetail/CC000544460J40643497316.htm,任职要求：1、知识：精通软件研发基础知识，良好的计算机、软件工程领域知识基础。2、技能：至少精通一门编程语言，熟悉ArkTS语言、C++语言等优先；具备三方框架适配开发或开源社区等项目经验优先；熟练使用主流IDE等开发工具，熟悉软件开发流程。3、能力：5年以上编程工作经验，具备良好的学习能力，分析解决问题能力；有较强的沟通协调能力，和强有力的执行推动能力。,,
6,Python爬虫工程师,海峰科技,1万-1.6万,北京,1-3年,本科,20-99人,民营,证券/期货,http://www.zhaopin.com/jobdetail/CC241707730J40336558311.htm,1、负责分布式网络爬虫系统平台的架构设计与开发（如抓取调度，多样化抓取，页面解析和结构化抽取，海量数据存储和读取等）、技术选型； 2、研究爬虫策略和防屏蔽规则，解决封账号、封IP、验证码、页面跳转等难点攻克，提升网页抓取的效率和质量； 3、利用主流的大数据相关技术，对抓取后的网页数据进行清洗、存储等；并持续优化平台，以便满足各种爬取业务需求； 4、把握网络爬虫核心技术研究方向，研究优化算法，提升爬...,"体检福利,带薪旅游,节日慰问,带薪假期,五险一金,弹性工作,定期团建",
7,Python计算机兼职教师,北京市商业学校(北京祥龙资产经营有限责任公司党校),3千-6千元/月,北京,1-3年,本科,100-299人,事业单位,培训/辅导服务,http://www.zhaopin.com/jobdetail/CC135351370J40697365307.htm,岗位职责简述：1、负责Python计算机课程的专业课程教学工作，做好备课、上课等相关工作。2、根据教学计划和安排，能胜任并熟练运用最新和先进的信息化教学手段，完成Python计算机课程的信息化设计与课堂授课。3、对学生进行课程任务与作业的布置、指导与答疑，能指导学生专业技能训练。任职条件要求：1、计算机类和理工类相关专业，本科及以上学历，有教师资格证优先。2、有良好的计算机基础，熟练掌握Pytho...,免费班车,
8,U3D工程师（统招一本及以上）,沈阳思诺科技有限公司,260-300/天,北京,无经验,本科,100-299人,民营,计算机软件,http://www.zhaopin.com/jobdetail/CC257043280J40346069303.htm,要求： 只要25届毕业后转正，可接受毕业后入职；什么时候来实习都可以，或者毕业后直接来7.1入职。 岗位职责：1、负责Unity3D游戏功能开发，代码设计和编写；2、与策划、美术、产品人员讨论开发需求及技术实现细节;3、负责游戏上线后的优化与迭代开发。任职资格：1、逻辑思维能力强；2、有一定的C#和Unity基础；3、具备基础的数据结构和算法能力；4、统招本科以上，计算机相关专业出身；5、吃苦耐劳...,"节日慰问,绩效奖金,七险一金,有餐补,交通补助,周末双休",
9,北京鸿蒙APP开发,软通动力信息技术(集团)股份有限公司,1万-2万,北京,1-3年,大专,10000人以上,民营,互联网,http://www.zhaopin.com/jobdetail/CC000544460J40658758216.htm,岗位要求：1、具备2年以上移动操作系统领域开发经验，熟悉安卓、鸿蒙生态体系2、熟悉移动应用开发，有独立开发移动APP经验，熟悉APP从安卓移鸿蒙适配开发的基本原理，有APP迁移经验3、Android/ios背景，熟悉ArkTS和鸿蒙开发经验,,
10,后端开发（Python/java/golang/c/c++）,广州欢创信息咨询有限公司,1.1万-1.8万,北京,1-3年,本科,100-299人,民营,人力资源服务,http://www.zhaopin.com/jobdetail/CC531289680J40675807709.htm,职位描述：1、 根据业务需求设计和制定标准化的标注规则，提高大模型性能。 2、分析复杂的逻辑和代码问题，能以清晰、准确的方式进行表达。 3、与算法、工程和产品团队密切合作，制定规则标准并优化标注工具。 4、应用 Prompt Engineering 等先进技术，提升数据标注的质量和效率。职位要求： 1、本科及以上学历，计算机科学、软件工程、大数据或相关领域优先。2、 具有大模型相关经验者优先。 熟...,,
11,python爬虫工程师（互联网大厂）,武汉佰钧成技术有限责任公司,1.6万-1.7万,北京,1-3年,本科,1000-9999人,民营,计算机软件,http://www.zhaopin.com/jobdetail/CC364485720J40709906205.htm,后端开发工程师( ID: TPG-数据与知识平台部-010)，5个HC工作内容：1.设计和实现高效的网络爬虫，用于抓取结构化和非结构化数据。2.处理和解析各种数据格式，包括HTML、XML和JSON。3.优化爬虫性能，确保数据抓取的效率和准确性。4.实现数据去重和清洗逻辑，提高数据质量。5.监控爬虫运行状态，及时处理异常和失败情况。6.与团队合作，不断改进爬虫策略和工具。岗位要求：1.计算机科学或...,,
12,后端开发工程师,成都蜀诚通信技术有限公司,1.3万-2.5万,北京,5-10年,本科,100-299人,民营,通信/网络设备,http://www.zhaopin.com/jobdetail/CC402240720J40601300916.htm,"【岗位职责】1.负责后端开发技术研究,丰富及完善研发技术体系:2.参与人工智能平台的系统分析，设计工作，承担核心功能，公共核心架构模块的代码编写;3.能够理解产品，参与产品评审，能够对产品设计提出自己的见解并进行沟通:4.设计良好的技术架构，推进并优化代码的健壮性、可维护性，并编写清晰的技术文档:【任职要求】1、go（优先）、python（必选）等语言开发经验丰富。2、熟悉linux系统以及容器技...",,
13,爬虫工程师(J10016),北京智慧星光信息技术股份有限公司,1.5万-3万,北京,1-3年,本科,1000-9999人,民营,云计算/大数据,http://www.zhaopin.com/jobdetail/CC467352910J40542548508.htm,工作职责:1.负责持续跟踪分析爬虫系统的技术缺陷，对策略架构做出合理地调整和改进，提升公司相关产品与服务的竞争力2.完成对指定网站的信息采集配置及维护工作；3、负责网页信息抽取等研发和优化工作。任职资格:1. 计算机科学与技术、软件工程等相关专业；2. 熟悉linux平台，有一年以上Python编程经验，熟悉xpath、正则表达式等知识；3. 常见网站的反爬技术如js加密混淆等；4. 熟悉Web等...,,
14,python爬虫工程师,山东蓝天云数据科技有限公司,6千-1.2万,北京,1-3年,本科,500-999人,其它,互联网,http://www.zhaopin.com/jobdetail/CC398769480J40610124101.htm,"岗位职责:1、学习运用各种最新国外软件/插件来提高工作效率。2、爬取相关网站公开数据，负责破解各类反爬机制。3、不断提升数据抓取系统的自动化水平，负责数据分析任务4、熟练使用各种网络工具，接受新事物能力强，学习能力强，求知欲强，任职要求:1、两年以上Python开发经验,计算机软件相关专业本科生，英语读写能力良好2、熟练使用python编程、爬虫相关库进行网络爬虫开发3、熟悉多线程、多进程、协程，...",,
15,java/Python/C/C++/JS/AI算法/软件测试,外企德科数字技术有限公司,1.6万-3万,北京,经验不限,本科,10000人以上,合资,人力资源服务,http://www.zhaopin.com/jobdetail/CCL1480117890J40664593505.htm,1、本科及以上学历；2、熟悉Java，C/C++，Python等任意一种后端开发技术；3、编写概要设计能力要强；4、沟通表达能力较好，逻辑思维清晰；5、资深导师专业带教，六险一金，法定节假日福利，内部知识论坛；6、薪资架构：薪资薪资+绩效工资+年终奖，周末加班双倍。岗位要求岗位要求 1、计算机、软件、通信等相关专业，统招本科及以上学历； 2、基础扎实，熟悉掌握但不限于Python/JAVA/C++...,"六险一金,法定节假日",
16,后端开发工程师,美通社,1.3万-2.5万,北京,经验不限,本科,100-299人,外商独资,互联网,http://www.zhaopin.com/jobdetail/CC181872020J40661166316.htm,工作职责：1、设计和实现高效稳定的爬虫程序，收集海量数据并进行处理和分析。2、负责多平台信息抽取、数据清洗、入库、服务化等研发和优化工作。3、解决实际开发过程中碰到的各类数据需求和接口问题。4、参与业务需求讨论，负责业务需求到技术实现的方案落地与实施。5、监控爬虫运行状态，日常处理数据抓取的稳定性和准确性问题。任职要求1、负责设计、开发和维护高效、稳定的爬虫系统，提升数据采集的效率和质量。2、负责...,,
17,后端开发工程师,上海微创软件股份有限公司,1.4万-1.7万,北京,3-5年,本科,10000人以上,合资,IT服务,http://www.zhaopin.com/jobdetail/CC000638920J40706613214.htm,职位描述： 1、负责国际支付用户信息系统的架构设计、建设和优化，保证工程质量和扩展性。2、负责解决用户信息数据准确、冲突问题，确保用户信息数据正确性。3、参与设计和建设用户信息管理平台，统一国际支付对于用户信息的管理和使用。职位要求： 1、本科（学信网）以上学历，计算机/通信 相关专业2、3年以上互联网工作经验。3、熟悉Golang/Python 至少一种语言，有良好的数据结构和算法基础。4、有优...,,
18,Java开发 -会python-北京,黑龙江海康软件工程有限公司,1.2万-1.6万,北京,3-5年,本科,500-999人,股份制企业,计算机软件,http://www.zhaopin.com/jobdetail/CC139612110J40666513812.htm,1.对JAVA体系架构熟悉；熟练掌握Springboot+MyBatis+MySQL相关开发技术，对于Redis、RabbitMQ等组件熟练使用；2.对于系统安全较为熟悉，开发时能够注意到常见的越权、泄露、网络安全问题，具有较高的安全意识;3.熟悉Docker容器化技术，掌握云部署、集群部署、分布式系统相关知识；4.至少有发经验三年JAVA正式开发经验，有过技术管理经验以及Python开发经验优先...,,
19,python爬虫工程师,深圳市法本信息技术股份有限公司,1.8万-2.5万,北京,3-5年,本科,1000-9999人,上市公司,计算机软件,http://www.zhaopin.com/jobdetail/CC385622410J40497573706.htm,岗位职责：1、负责OTA5.0版本RAG理想同学智能搜索项目，文生图（AIGC项目）相关网站、app数据集的抓取、清洗、存储工作，满足智能空间业务需求，并形成数据资产。2、包括（不限于）知乎，新浪，头条，网易，腾讯新闻，凤凰网、一点资讯等。任职资格：1. 熟练使用Python编程语言，熟练使用Scrapy爬虫框架。2. 熟练使用SQL数据库，掌握事务、索引等数据库基本原理。3. 掌握计算机网络基本...,,
20,UE客户端开发工程师（UI方向）,北京华心维联网络科技有限公司,1.9万-3.5万,北京,3-5年,本科,500-999人,民营,互联网,http://www.zhaopin.com/jobdetail/CCL1257005770J40579369413.htm,岗位职责： 1. 使用UE引擎完成UI界面的拼接工作，同时对项目组相关资源进行管理。 3. 与美术部门对接，协调及配合UI/UE视觉展现形式，统一整个游戏的UI风格与交互逻辑； 4. 能够与美术、程序以及策划有良好的沟通，在UE引擎中拼接时准确的表达策划的意图； 5. 负责配合完成美术界面、动效交互设计方案，包括系统界面、剧情表现、库存界面等； 6. 负责跟进、优化和迭代游戏里UI效果的实现及游戏...,,
21,unity开发,上海塔人网络科技股份有限公司,2万-3万,上海,1-3年,学历不限,100-299人,股份制企业,游戏,http://www.zhaopin.com/jobdetail/CC220394920J40034977710.htm,三年以上Unity3D游戏开发经验； 有完整Unity3D项目经历； 熟悉C#及一些常用脚本语言； 有良好的面向对象分析、设计和编码能力，具备良好编码风格； 良好的沟通能力和团队协作能力，善于独立解决问题的能力； 责任心强，认真负责以及能承受工作压力； 熟悉shader、图形学相关知识者优先； 喜爱游戏，了解游戏者优先。,,
22,Unity 3D工程师,上海乐敦电子科技有限公司,7千-1.4万,上海,3-5年,本科,20-99人,民营,计算机硬件,http://www.zhaopin.com/jobdetail/CC481353620J40110404609.htm,岗位职责： 1. 对Unity3D项目的客户端开发负责； 2. 主导各Unity3D项目的性能优化，技术攻关等工作； 3. 负责客户端工作流程的优化，提高开发效率； 任职要求： 1. 计算机相关专业； 2. 3年以上U3D使用经验，并有U3D成功上线运营项目核心开发经验； 3. 主导至少一款成功上线项目； 4. 熟练掌握c#，并具备实际开发经验； 5. 在图形处理、渲染、动画、特效、物理碰撞等方面...,"周末双休,包吃,加班补助,体检福利,定期团建",
23,【base济南】unity开发工程师,北京冲云破雾科技有限公司,1.8万-3万,上海,5-10年,本科,100-299人,民营,互联网,http://www.zhaopin.com/jobdetail/CCL1289054780J40644572814.htm,一、岗位职责- 设计和规划游戏的技术架构，确保系统的稳定性和可扩展性，选择合适的技术和工具来实现游戏设计目标；- 编写高质量的代码，设立代码和技术标准，实施代码审查，保证代码质量，实现游戏的核心功能；- 管理程序员团队，参与项目规划，制定开发时间表，监控项目进度；- 对游戏进行性能分析和优化，确保游戏在各种硬件上运行流畅；- 负责游戏测试，包括单元测试、集成测试和性能测试，以及修复发现的bug；-...,"年终奖,六险一金,补充医疗保险,法定节假日,带薪假期,定期团建",14薪
24,Unity工程师,慧博云通科技股份有限公司,1.4万-1.8万,上海,1-3年,大专,1000-9999人,上市公司,IT服务,http://www.zhaopin.com/jobdetail/CCL1254757260J40726532005.htm,【岗位职责】主要负责业务功能开发；负责项目开发过程中相关工具的开发；负责开发文档的编写和整理【岗位要求】Unity3D两年以上开发经验，熟悉Unity3D引擎架构设计；精通C#编程语言，熟悉Lua与Unity交互，熟练使用常用设计模式；熟悉UGUI/Fgui 开发。,,
25,unity开发工程师,人卫嘉奕(上海)医学科技有限公司,1.1万-1.7万,上海,3-5年,学历不限,20-99人,民营,医疗设备/器械,http://www.zhaopin.com/jobdetail/CC703482320J40696871010.htm,岗位内容：按照场景概念设计，进行地图编辑地形、建筑物件、山体植被、环境设置; -能够负责关卡中所需物件的制作，包含山体、植被、建筑、道具等资源; -根据设定图进行物件的拆分与规划，并进行文档的规范整理; -根据场景实际效果、美术效果、性能不断地进行调整优化达到最优; -协助TA/图形侧程序完善在unity中场景相关的各种材质以及提升材质表现效果; -制定场景模型的制作文档和范例，条理清晰流程明确;...,,
26,unity开发工程师,金东唐,1万-1.5万,上海,1-3年,本科,300-499人,上市公司,电子/半导体/集成电路,http://www.zhaopin.com/jobdetail/CC280758210J40552802906.htm,1、基于Unity3D三维引擎进行数字孪生系统关键模块开发，Unity跨平台适配；2、编写数字孪生相关功能开发说明文档；3、熟练使用3D Max软件，任职资格：1、本科及以上学历，计算机、信息、自动化等专业优先；2、精通Unity3D引擎开发技术及流程；3、参与过数字孪生项目开发，具有工业数字孪生项目或大型游戏开发经验优先；4、熟悉Unity引擎的渲染、物理、动画和UI系统。5、掌握C#语言开发，...,,
27,U3D游戏开发,小西科技(南京)有限责任公司,1.5万-2.6万,上海,3-5年,本科,300-499人,民营,互联网,http://www.zhaopin.com/jobdetail/CCL1243857490J40690539001.htm,岗位职责：1. 使用Unity3D开发游戏前端业务，编写高质量代码；2. 配合策划和美术，快速理解产品需求，完成模块设计，编写相关功能代码；3. 负责游戏性能和体验的调优工作；负责产品兼容性适配工作；4. 维护版本升级，能够根据修改方案快速实现版本更新。任职资格：1. 全日制本科以上学历，计算机等相关专业；2. 5年以上游戏开发经验，熟练使用Unity3D游戏引擎；3. 熟悉C#编程，具有良好的面...,,14薪
28,U3D工程师,中富通,1.8万-3万,上海,5-10年,大专,1000-9999人,上市公司,互联网,http://www.zhaopin.com/jobdetail/CC231729210J40594178701.htm,岗位职责：1、熟悉面向对象设计，设计模式。具有良好的编码习惯，严谨的编码风格；2、熟练使用C#语言和Lua语言；3、熟悉Unity3D引擎基本架构。熟悉Unity3D渲染，物理，资源管理等模块，对Unity3D的组件系统有着深入的理解，熟练使用UGUI，熟悉Unity3D项目制作流有以下经验者优先考虑：1、具有iOS和Android平台开发，调试，发布及性能优化经验，熟悉相关插件开发和使用。2、具...,,
29,Unity3D开发工程师,苏州橘杏科技有限公司,9千-1.8万,上海,1-3年,本科,20-99人,民营,计算机软件,http://www.zhaopin.com/jobdetail/CC863601350J40485970201.htm,岗位描述：1、负责Unity3D产品相关功能的开发与技术探索，通过制定具体、可行的技术方案实现产品模块功能；2、掌握Unity3D相关声音、渲染、灯光、骨骼、特效、动画、物理、场景管理，可独立编写重要功能模块；3、了解三维模型，对接美术资源（3D建模），实现相关功能的编码、测试与发布，编制相关的技术文档；4、按照产品要求配合美术实现相关动作和动画表现，以达到项目最佳的实现效果；5、根据项目具体要求...,,
30,Unity3d开发工程师(J10552),中航机载系统有限公司,3万-5万,上海,5-10年,硕士,10000人以上,国企,船舶/航空/航天/火车制造,http://www.zhaopin.com/jobdetail/CCL1242833040J40671749801.htm,"岗位职责:1、根据项目要求，设计多媒体交互模型和用户界面原型,动效, 并适配至可视化大屏、Web应用、移动应用等。2、使用Unity引擎完成交互项目开发，AR/MR增强现实产品的开发工作。3、负责项目的前端程序架构设计，产品性能优化。任职要求:1.学历：硕士研究生及以上2.专业：计算机相关专业，或有虚拟现实技术、数字媒体技术、动画或相关专业背景；2、熟悉Unity 3D引擎。有Unity WebG...",,
31,u3d开发,广州秀才信息科技有限公司,2.5万-5万,上海,3-5年,本科,20-99人,民营,游戏,http://www.zhaopin.com/jobdetail/CC644623880J40768322515.htm,职位描述1、 与策划、美术沟通，负责游戏产品业务开发，包括游戏系统、玩法等模块的设计与开发；2、 负责客户端框架搭建和优化，并持续优化游戏体验以及客户端运行性能；3、 解决项目中遇到的技术难题，保证项目顺利推进。职位要求1、本科及以上学历，具备游戏客户端开发经验；2、具备U3D引擎开发经验，并熟练掌握常用数据结构与算法；3、良好的的代码风格和编程习惯；4、良好的逻辑综合分析能力，以及强烈的解决问题...,,15薪
32,软件工程师（U3D),小西科技(南京)有限责任公司,1.5万-2.6万,上海,5-10年,本科,300-499人,民营,互联网,http://www.zhaopin.com/jobdetail/CCL1243857490J40690019001.htm,岗位职责：1. 使用Unity3D开发游戏前端业务，编写高质量代码；2. 配合策划和美术，快速理解产品需求，完成模块设计，编写相关功能代码；3. 负责游戏性能和体验的调优工作；负责产品兼容性适配工作；4. 维护版本升级，能够根据修改方案快速实现版本更新。任职资格：1. 全日制本科以上学历，计算机等相关专业；2. 5年以上游戏开发经验，熟练使用Unity3D游戏引擎；3. 熟悉C#编程，具有良好的面...,,14薪
33,Unity地编,上海柠希信息技术有限公司,1.2万-1.8万,上海,1-3年,大专,20-99人,民营,人工智能,http://www.zhaopin.com/jobdetail/CCL1259712320J40632509316.htm,岗位职责：1、现场取景，根据取景照片或CAD图纸等，通过3DMAX建模软件，完成场景的3D建模工作，熟练掌握设计中的模型、材质、纹理贴图制作工作。2、能独立完成项目所需的室内、室外、人物建模工作及工业相关BIM模型转化及制作。3、能独立完成公司相关Unity、Webgl数字孪生项目场景模型渲染，并进行美术优化。任职要求：1：具备较强的3D建模能力，必须熟练操作3DMAX软件，掌握Unity、AUT...,包住,
34,unity开发工程师,上海梦森霖信息技术中心(个人独资),9千-1.6万,上海,1-3年,本科,20人以下,民营,游戏,http://www.zhaopin.com/jobdetail/CCL1482446740J40704582314.htm,岗位信息：1.年龄要求：22-36岁2.学历要求：本科及以上3.工作时间：做五休二，早九晚六点半4.薪资：9-16k5.2年及以上 6.热爱游戏行业，愿意与小伙伴们一起在初创公司努力 7.每年一次升职加薪机会 8.互相分享经验【不限定岗位】 工作职责：1、负责Unity游戏客户端的功能开发和优化，确保游戏在各平台上的性能和稳定性使用C/C++/C#进行游戏脚本开发，实现游戏逻辑和交互功能。2、与其...,周末双休,
35,资深U3D客户端开发工程师,盛趣信息技术（上海）有限公司,2万-3万,上海,1-3年,本科,1000-9999人,股份制企业,互联网,http://www.zhaopin.com/jobdetail/CC131142500J40152910606.htm,岗位职责1、负责U3D客户端游戏功能研发； 2、负责修复开发版本过程中遇到的Bug； 3、负责优化开发版本过程中遇到的性能问题； 4、主动与同事分享开发技术与经验； 5、跟踪相关游戏最新的需求，能主动跟策划，美术沟通，同时提出自己对游戏需求的理解。 任职资格 1、本科及以上学历，计算机相关专业优先； 2、2年及以上游戏行业经验； 3、参与过至少一款Unity3D商业项目开发； 4、熟练使用C#开发...,住房公积金,
36,u3d 前端开发工程师,上海塔人网络科技股份有限公司,2.5万-3.5万,上海,1-3年,学历不限,100-299人,股份制企业,游戏,http://www.zhaopin.com/jobdetail/CC220394928J90250002000.htm,岗位职责：1. 负责公司Unity 3D游戏引擎的客户端开发；2. 与策划、服务器开发、美术及QA完美合作，完成联调。岗位要求：1. 2年以上手机游戏开发经验，有完整项目经验者优先；2. 2年以上Unity开发经验，精通C#编程，熟悉Android/iOS平台开发3. 熟悉面向对象设计，设计模式，以及游戏客户端架构；4. 作为主力程序员研发过一款及以上中大型项目；5. 有能力独立开发复杂功能模块，...,,
37,高级U3D开发工程师,上海众茂医疗科技有限公司,1.7万-2.5万,上海,5-10年,本科,20-99人,民营,互联网,http://www.zhaopin.com/jobdetail/CC808563770J40619841603.htm,岗位职责：1）负责AR/VR/模型人等项目的客户端核心功能和体验开发。2）负责AR/VR/模型人等相关的用户端工具、编辑器的开发和维护。3）制定公司AR/VR/模型人等应用的技术和体验规范。4）擅长AR、VR/模型人等等应用的连接。任职要求：1. **学历要求**： - 计算机科学、软件工程或相关专业本科及以上学历。 2. **工作经验**： - 至少5年以上使用Unity进行开发的实际经验。 -...,,
38,3D应用软件开发工程师,上海泓燊汽车科技有限公司,8千-1.5万,上海,1-3年,本科,100-299人,民营,专业技术服务,http://www.zhaopin.com/jobdetail/CCL1311149220J40659532513.htm,根据公司L4纯无人驾驶项目战略规划及分解任务，负责3D Launcher/车辆模型/等3D应用软件模块的开发工作；对产品需求分析并提出解决方案，并结合主流方案优化显示要求；负责编写3D软件概要设计和详细文档、程序脚本和单元测试，并联合智驾域开发完成功能联通；负责软件开发计划和质量目标制定，并达成功能开发日程要求；根据当前unity_3D软件的系统和应用架构设计，根据项目推进要求，做迭代优化协；负责...,,
39,U3D技术合伙人,上海演犀科技有限公司,6千-1万,上海,经验不限,大专,20人以下,民营,人工智能,http://www.zhaopin.com/jobdetail/CCL1478983190J40540063007.htm,【技术合伙人】 可技术入股，负责虚拟现实应用技术开发，熟练掌握u3d，能够搭建元宇宙教室，可结合大模型搭建人机对话Agent。该角色不限年龄。希望U3D技术过硬，技术视角广泛。可技术合伙人，也可以是开发岗位，欢迎来撩,,13薪
40,游戏客户端开发工程师,软通动力信息技术(集团)股份有限公司,1.6万-1.7万,上海,3-5年,本科,10000人以上,民营,互联网,http://www.zhaopin.com/jobdetail/CC000544460J40648374116.htm,外包哔哩哔哩岗位职责：1、负责基于游戏日常活动版本的更新内容开发；2、执行客户端开发流程和标准；3、保证客户端稳定性和高效性。任职要求：1、计算机相关专业；2、熟练掌握Unity及C#；3、学习能力强，有吃苦精神。4、自我管理能力强，有良好的时间意识；5、有良好的沟通交流能力及团队合作精神；6、有独立分析和解决问题的能力，一定的调试代码的经验者优先。,,
41,游戏开发工程师,上海源智方文化有限公司,7千-1万,上海,1-3年,大专,20人以下,,游戏,http://www.zhaopin.com/jobdetail/CCL1493033840J40669019309.htm,岗位职责： 使用 Unreal、Unity3D、Godot 或其他引擎开发游戏客户端功能，包括角色控制、UI 交互、动画逻辑等。 搭建并维护基础服务器，协助实现游戏登录、匹配、房间管理等服务器功能。 配合策划和美术，实现各类玩法和交互效果，优化客户端和服务器交互性能。 参与客户端架构设计，确保客户端与服务器数据同步稳定。 进行游戏测试和调优，定位并修复客户端及服务器端 Bug，提升用户体验。职位要...,,
42,AI influener（居家办公）实习生联合创始人-- fitness知识方向,上海套肯人工智能科技有限责任公司,150-250/天,上海,无经验,本科,20人以下,,人工智能,http://www.zhaopin.com/jobdetail/CCL1478181760J40694093405.htm,职位招募：AI influener（居家办公）联合创始人--fitness知识方向根据AI发展趋势，AGI　五年内必然会实现，superintelligence 十年内必然实现。我们公司专注于superintelligenct，目前筹划用agent实现视频的自动编辑。欢迎您成为我们创业团队的核心成员，与我们一同成长，实现财务自由！我们提供： 丰厚的股份激励：加入我们一年后，您将获得价值1000万的...,"股票期权,弹性工作",
43,鸿蒙开发,软通动力信息技术(集团)股份有限公司,1万-2万,上海,3-5年,本科,10000人以上,民营,互联网,http://www.zhaopin.com/jobdetail/CC000544460J40644728416.htm,1、熟悉掌握ArkUI开发框架，熟悉QT开发人员。2、有移动应用产品设计/架构设计/开发经验；3、熟悉业界常用三方跨平台框架（RN、Flutter、Taro、WeeX、类RN、小程序等开发优先）之一；4、学习能力：学习主动性较强，善于学习总结，一探究竟，对鸿蒙开发兴趣浓厚。5、沟通能力：沟通能力较好，表达思路清晰。6、熟悉掌握ArkUI开发框架，熟悉ArkTS/React/Vue/JS开发人员。7...,,
44,U3D游戏开发,上海微创软件股份有限公司,1.4万-2万,上海,3-5年,本科,10000人以上,合资,IT服务,http://www.zhaopin.com/jobdetail/CC000638920J40685276114.htm,职位描述基于unity引|擎和云技术，为unity开发者构建核心的一站式云服务参与示例游戏的设计与开发，按照项目规范编写相应功能文档参与项目前端、unity sDk的开发与测试协助维护相关系统软件，为如何改进现有功能，或新的功能提出建议任职要求计算机科学相关专业，本科及以上学历可以熟练使用unity进行开发，对游戏开发中常用到的Unity功能系统都有所了解扎实的计算机相关知识和技术基础熟练掌握C#...,,
45,AI influener（居家办公）实习生联合创始人-- AI 知识方向,上海套肯人工智能科技有限责任公司,150-250/天,上海,无经验,本科,20人以下,,人工智能,http://www.zhaopin.com/jobdetail/CCL1478181760J40694093205.htm,职位招募：AI influener（居家办公）联合创始人-- AI知识方向根据AI发展趋势，AGI　五年内必然会实现，superintelligence 十年内必然实现。我们公司专注于superintelligenct，目前筹划用agent实现视频的自动编辑。欢迎您成为我们创业团队的核心成员，与我们一同成长，实现财务自由！我们提供： 丰厚的股份激励：加入我们一年后，您将获得价值1000万的公司预期...,"股票期权,弹性工作",
46,u3d,江苏科学梦创展科技有限公司,1.2万-2万,上海,3-5年,大专,300-499人,股份制企业,装饰装修,http://www.zhaopin.com/jobdetail/CC436542880J40547210214.htm,职责描述：1、根据不同主题展馆多媒体互动项目需求，确定互动软件的功能点、方向并开发制作，确保所有功能完整实现；2、负责完成U3D交互内容的程序开发、测试及优化等工作，最终达到预期设计效果，并跟进完成；3、与团队实现交互系统和逻辑功能及界面效果的展示和UI功能实现；4、结合Kinect、红外感应、雷达、摄像头等外设进行交互功能软件开发，熟悉跨平台SDK封装、集成；5、与团队相关成员协同工作，积极参与...,,
47,Blender建模工程师,辉县市乐海汽车电器有限公司,2万-3.5万,上海,3-5年,本科,300-499人,民营,汽车零部件,http://www.zhaopin.com/jobdetail/CC488748980J40645175712.htm,职责描述：1、制作场景中的3D模型和贴图绘制，搭建灯光，完成多视角图片或动画渲染；2、负责光学元件、光学系统的建模，材质设定，并渲染物体经过光学系统的成像效果；3、编写Python脚本，在Blender软件中利用Python脚本创建新颖模型；4、完成公司根据项目需求安排的其它相关任务；任职要求：1、熟练掌握Blender软件，并能高效完成3D建模及渲染；2、熟练编写Python脚本辅助Blende...,,
48,【可居家】机械设计师,河南扫地僧文化传媒有限公司,6千-1.1万,上海,经验不限,学历不限,100-299人,,广告/营销,http://www.zhaopin.com/jobdetail/CCL1410214990J40630317606.htm,"本岗位适合有能力、时间多，想额外利用时间挣钱和学习锻炼的人，兼职城市不限岗位职责:就是用机械设计画图软件画图，设计等任职资格:1、软件要求:Solidworks、UG、catia,proe，犀牛，maya、c4d,必须熟练掌握以上任何一款软件者2、初学者请勿扰3、有曲面结构设计和外观设计经验，会逆向建模优先，精通绘制零件建模、工程图，钣金设计、曲面造型、模具设计、运动仿真、有限元分析，逆向造型、编...",,
49,数字孪生与虚拟仿真3D建模工程师(J10551),中航机载系统有限公司,3万-5万,上海,5-10年,硕士,10000人以上,国企,船舶/航空/航天/火车制造,http://www.zhaopin.com/jobdetail/CCL1242833040J40671740701.htm,岗位职责:1.根据项目需求，使用3D建模软件构建高精度3D模型。2.对已有3D模型进行优化，提高模型精度和渲染效率。3.维护3D模型库，确保模型数据的完整性和可用性。4.协同团队成员，完成数字孪生与虚拟仿真系统的集成和测试工作。5.参与项目相关文档的编写和整理工作。任职要求:1.学历：硕士研究生及以上2.专业：计算机相关专业，或有虚拟现实技术、数字媒体技术、动画或相关专业背景；3.工作要求：5年以...,,
50,3D场景 中高级开发 入职五险一金,北京易才博普奥管理顾问有限公司,1.2万-2.2万,上海,经验不限,学历不限,1000-9999人,民营,咨询服务,http://www.zhaopin.com/jobdetail/CC227750710J40617659006.htm,1.熟练掌握次世代3D建筑制作经验2.理解大结构和小结构的区分（划重点）3.熟悉斜45度游戏视角的布线和UV占比分布ps：SLG大世界3D建筑制作软件要求：Max\MayaZbrushSubstancePaintPhotoShop,五险一金,
51,鸿蒙,软通动力信息技术(集团)股份有限公司,1.5万-2万,上海,1-3年,本科,10000人以上,民营,互联网,http://www.zhaopin.com/jobdetail/CC000544460J40622168116.htm,"1、鸿蒙PC开发经验（Qt技术方向）：熟悉C/C++开发语言，了解QT框架模块、类库和特性，有QT的开发经验,有HarmonyOS NEXT的实际项目开发经验；（上海大智慧办公地点：杨高南路428号由由世纪广场1号楼）",,
52,U3D,上海在伊环保科技有限公司,150-200/天,上海,无经验,本科,20-99人,民营,工业自动化,http://www.zhaopin.com/jobdetail/CC575083980J40579887311.htm,致力于智慧能源创新发展！拥有自驱力，希望突破与超越自我；渴望拥抱未来，愿为能源智慧化发展贡献力量，成就一番事业。任职要求： 岗位职责：1. 负责锅炉数字孪生系统的前端开发与维护。2. 利用Unity3D进行锅炉数字孪生场景的搭建与优化。3. 与后端团队协作，完成数据可视化与交互功能的实现。4. 参与系统需求分析，提出技术解决方案。5. 负责前端界面与用户体验的优化。技术要求：1. 编程语言：- 熟...,"法定工作时间,周末双休,定期团建,五险一金,体检福利,通讯补助,带薪假期,高温补贴",
53,物理引擎开发工程师,苏州橘杏科技有限公司,1.5万-3万,上海,1-3年,本科,20-99人,民营,计算机软件,http://www.zhaopin.com/jobdetail/CC863601350J00280264908.htm,"岗位职责： 1. 和主工程师一起完善项目中物理模拟效果的开发 2. 和主工程师一起完善物理中软体模拟的形变，切割以及各种效果 3. 了解基本 刚体软体模拟理论和知识岗位要求：1. 熟练使用C/C++2. 对物理引擎开发有极大兴趣3. 能独立阅读英文的文献 4. 有独立开发过刚体模拟\软体模拟\流体模拟经验者。或者使用过bullet,physx,havok等商业引擎 者更好 5. 比较扎实的数学基础...",,
54,三维仿真开发工程师,大连七颗星医疗器械有限公司,1.8万-2.5万,上海,1-3年,硕士,20-99人,民营,医疗设备/器械,http://www.zhaopin.com/jobdetail/CC241550010J40691260814.htm,岗位职责： 1、根据开发需求和设计方案完成客户端功能的开发 2、对项目需求进行分析、过滤，设计和实现具体功能，保证各功能模块之间的协同性，程序主体的效率、稳定性、可扩展性；3、配合团队其他成员，共策共力完成项目开发。任职要求： 1、熟悉使用Unity3D引擎架构设计，熟练使用Unity3D制作场景、UI及脚本; 2、熟悉Unity3D的各功能组件，如UGUI，Timeline、碰撞、粒子效果、动画...,,13薪
55,C/C++,深圳华为云计算技术有限公司,1.4万-2.8万,上海,1-3年,本科,10000人以上,民营,云计算/大数据,http://www.zhaopin.com/jobdetail/CCL1370355800J40658880803.htm,岗位内容： 1. 设计、开发和维护高质量的C++应用程序； 2. 实现并优化算法和数据结构； 3. 负责软件系统的性能优化和调试； 4. 参与项目需求分析和技术选型。 任职要求： 1. 熟悉C++编程语言，具备扎实的编程基础； 2. 具有良好的算法和数据结构基础； 3. 熟练使用常见的开发工具，如VS、Eclipse等； 4. 具备较强的沟通协调能力和团队合作精神； 5. 有扎实的计算机科学/软件...,,14薪
56,3d建模师讲师,上海北辰软件股份有限公司,1万-1.5万,上海,1-3年,本科,20-99人,股份制企业,计算机软件,http://www.zhaopin.com/jobdetail/CC694168520J40674756708.htm,职位描述：1. 进行3D角色制作与场景制作（手绘、次世代或写实）；2. 根据设定的3D角色或场景，进行模型优化、材质、贴图制作；3. 协作制定美术开发流程，利用unity制作渲染管线、光照模型、材质、渲染效果；4. 充分了解美术各环节开发中的需求和问题，提供美术引导，提高项目品质；能力要求：1. 本科及以上学历，美术设计相关专业毕业，2年以上建模经验，游戏行业经验优先； 2. 掌握MAYA，3Dm...,,
57,移动端开发工程师（AI产品）,北京三快在线科技有限公司,面议,上海,1年以下,本科,1000-9999人,上市公司,互联网,http://www.zhaopin.com/jobdetail/CC383625320J40628323709.htm,大众点评作为国内重要的本地生活消费决策参考平台，多年来深耕本地生活消费领域，深受广大用户的信任和喜爱。我们的业务覆盖了吃喝玩乐游购娱等生活场景，通过极具辨识度和公信力的”星级“和”评价“产品，为数亿用户提供了全面、可信的消费决策依据。为更好满足用户探索城市的需求，大众点评在原有星级和评价的基础上，以信息流产品形式，助力用户发现更多好去处。大量优秀年轻同学的加入，为我们的团队注入了澎湃活力。我们相信...,弹性工作,
58,交互设计师,慧博云通科技股份有限公司,1.2万-1.8万,上海,1-3年,本科,1000-9999人,上市公司,IT服务,http://www.zhaopin.com/jobdetail/CCL1254757260J40725367805.htm,"岗位职责：1.分析策划/运营需求,提供优秀的原型设计方案; 2.与多方配合跟进,协调解决开发中的问题,将设计落地,达到理想效果; 3.能敏锐发现产品的体验品质缺陷,并积极推动解决; 4.根据玩家反馈、数据分析,不断进行设计选代。工作要求: 1.本科以上学历,体验设计、工业设计、心理学专业优先;从业两年以上; 2.像素眼,完美主义;学习能力强,设计功底扎实,对设计趋势有理解,热爱游戏; 3.熟练使用...",,
59,高级图形引擎开发工程师,苏州橘杏科技有限公司,1.8万-3.5万,上海,3-5年,本科,20-99人,民营,计算机软件,http://www.zhaopin.com/jobdetail/CC863601350J40522274201.htm,岗位描述：1、负责已有3D渲染效果的改进和优化；2、负责常用光影效果，例如阴影，屏幕空间遮罩和反射，高动态范围渲染等算法的优化和升级；4、负责包括视差贴图，曲面细分，等局部光照效果的应用和升级；5、负责项目中图形效果的具体落地以及技术方案选择任职要求：1、本科及以上学历，计算机，数学或理工科专业毕业，有3年以上3D引擎相关工作经验；2、熟悉Unity、Unreal、Ogre等主流3D引擎或者开源引...,,
60,3D渲染工程师,琅琛信息技术(上海)有限公司,1.1万-1.5万,上海,3-5年,本科,20人以下,民营,计算机软件,http://www.zhaopin.com/jobdetail/CC834206850J40698979614.htm,岗位职责：1、负责公司建筑软件中UE相关产品的开发工作；2、负责对平台UE客户程序，架构设计和优化；3、对UE相关引擎，技术发展动态有较深入了解，负责引擎框架代码定制与优化；4、编写项目所需的一些效果（特效，动画等）；5、完成BIM三维模型轻量化处理和高精度仿真渲染；任职要求：1、本科及以上学历，计算机、地理信息科学、测绘等相关专业，至少3年UE/C++开发经验，3年以上建模渲染工作经验；2、精通...,,13薪
61,外包-游戏引擎工具开发（长期）,北海猎图企业服务有限公司成都分公司,1.5万-1.8万,上海,1-3年,大专,100-299人,股份制企业,企业服务,http://www.zhaopin.com/jobdetail/CCL1323742640J40689719614.htm,岗位职责：1、开发和维护内部的自动化平台；2、开发性能和渲染效果用例；3、与开发团队协作，分析和解决自动化平台发现的问题；4、编写清晰的用例报告，提供测试结果分析；5、参与测试工具和框架的研究与选型。任职要求：1、2年以上游戏测试开发经验，具有引擎测试开发经验者优先。2、具备良好的编程能力，熟悉 Python 或 C++ 等语言。3、有游戏引擎开发经验（如 Unity 或 Unreal），了解游戏...,,
62,高级3D建模工程师,上海众茂医疗科技有限公司,1万-1.3万,上海,3-5年,本科,20-99人,民营,互联网,http://www.zhaopin.com/jobdetail/CC808563770J40650315603.htm,岗位职责：负责根据需求创建智慧医疗教学逼真虚拟现实场景效果。任职要求：1、熟练3DMAX、PS、Al、CAD等绘图软件。2、有展馆展厅、展览展示类设计经验 ，有良好的空间感与配色观念。3、有平面广告美术及文化墙经验。4、对施工工艺材料有一定了解。,,
63,3D设计师,翔宇医疗,1.1万-2.2万,上海,3-5年,本科,500-999人,民营,医疗设备/器械,http://www.zhaopin.com/jobdetail/CC381255110J40697357107.htm,工作内容：1. 根据项目需求完成3D场景模型、贴图材质、动画视频制作；2. 与产品方一起构思创意，提出多元化的3D设计方案；3. 负责协同开发团队解决视觉效果相关技术问题，根据需求优化模型设计，确保展示效果；负责把控设计品质，对项目相关制作质量负责。任职资格:1. 美术相关专业本科以上学历，3年以上相关工作经验；2. 有良好的审美、造型能力及色彩感觉；3. 熟练使用一种以上设计软件，Blender...,,
64,高级3D渲染引擎工程师,苏州橘杏科技有限公司,3万-4.5万,上海,3-5年,本科,20-99人,民营,计算机软件,http://www.zhaopin.com/jobdetail/CC863601350J00280472008.htm,岗位描述：1、负责已有3D渲染效果的改进和优化；2、负责光照效果的改进和制作流程的改进，构建PBR的美术流程；3、负责常用光影效果，例如阴影，屏幕空间遮罩和反射，高动态范围渲染等算法的优化和升级；4、负责包括视差贴图，曲面细分，等局部光照效果的应用和升级；5、负责实时全局光照的算法研究及落地，包括从算法调研到实验优化、算法攻关、效果评估、直至应用的完整流程。任职要求：1、本科及以上学历，计算机，数...,,
65,AI应用开发/AI解决方案工程师,上海沁恩商务信息咨询有限公司,1.5万-2.5万,上海,3-5年,本科,20-99人,股份制企业,电子/半导体/集成电路,http://www.zhaopin.com/jobdetail/CC444532910J40864226704.htm,岗位职责：1. 跟踪和研究最新的后端开发技术和AI相关技术趋势，积极探索如何将新技术应用于公司的AI产品开发。2. 深入理解公司业务，负责AI产品应用的需求分析、产品设计、架构设计与开发。3. 应用AI算法或模型，设计并实现AI应用，包括但不限于自然语言处理 (NLP)、计算机视觉 (CV)、智能优化与预测等。4. 负责AI产品应用的核心功能模块开发，不限于数据处理、算法集成、模型训练与部署的后端...,,
66,AI influener（居家办公）实习生联合创始人-- digital service方向,上海套肯人工智能科技有限责任公司,150-250/天,上海,无经验,本科,20人以下,,人工智能,http://www.zhaopin.com/jobdetail/CCL1478181760J40694093305.htm,职位招募：AI influener（居家办公）联合创始人-- digital service方向根据AI发展趋势，AGI　五年内必然会实现，superintelligence 十年内必然实现。我们公司专注于superintelligenct，目前筹划用agent实现视频的自动编辑。欢迎您成为我们创业团队的核心成员，与我们一同成长，实现财务自由！我们提供： 丰厚的股份激励：加入我们一年后，您将获得价...,"股票期权,弹性工作",
67,医学三维建模工程师,苏州橘杏科技有限公司,8千-1.4万,上海,3-5年,本科,20-99人,民营,计算机软件,http://www.zhaopin.com/jobdetail/CC863601350J40485734301.htm,岗位描述：1、能快速理解项目要求和流程，独立完成3D建模，贴图绘制工作，对自己输出成果具有一定“审美”要求，在保证质量的前提下提高工作效率；2、检阅客户提供的医学图像数据是否满足重建要求，依据CT或MRI的影像(DICOM)数据进行三维模型重建；3、与医学产品经理配合确认建模结果并改进，精准把控自己与团队的时间节点与项目进度；4、了解Unity3D引擎特点，能够实现高质量的场景效果，根据项目需求负...,,
68,3D Designer,仲量联行,1万-1.5万,上海,经验不限,学历不限,10000人以上,外商独资,房地产开发,http://www.zhaopin.com/jobdetail/CC140904230J40593950308.htm,【职位描述】What this job involves ：-Creates 3D rendering based on different project needs;Retail & Office experience is prefered-Assist the senior designer in the proper execution of design and modeling-Pr...,,
69,UCD工程师（文本图片设计）,软通动力信息技术(集团)股份有限公司,9千-1.3万,上海,1-3年,本科,10000人以上,民营,互联网,http://www.zhaopin.com/jobdetail/CC000544460J40660684516.htm,职位要求1、专业要求：语言学、心理学、社会学、统计学等专业背景，统招本科及以上。2、掌握用户研究常用调研和分析方法，具有敏锐视角，能够把用户需求及体验转换为产品内部需求，提出改进机会点。3、具备超强的逻辑分析能力，合作能力，善于沟通表达，学习能力强，有良好的执行力。岗位职责：1、能够对文本语言进行深入的语言分析，对于泛化语料的设计有相关经验，可以根据不同的语言场景设计合理的语言表达形式和文本结构。...,,
70,AI语言模型开发,上海谷赢信息科技有限公司,1.1万-2万,上海,3-5年,本科,20-99人,民营,IT服务,http://www.zhaopin.com/jobdetail/CCL1226041120J40666900109.htm,岗位职责：1.参与设计大语言模型应用的技术方案并在交易系统中落地。具型场景包括但不限于多轮对话，DBGPT、结构化信息抽取、私有函数调用、AI Agent等；2.负责大语言模型应用的端到端研发，包括但不限于方案设计、数据准备及处理，行业模型训练、指令精调、模型效果测评等；3.跟踪并分析业内最新研究成果和技术动态，复现相关公开研究成果。持续优化和改进相关技术方案任职要求：1.计算机相关专业本科及以上...,,
71,手游3D角色,上海塔人网络科技股份有限公司,2万-3万,上海,1-3年,学历不限,100-299人,股份制企业,游戏,http://www.zhaopin.com/jobdetail/CC220394928J00153821205.htm,1.欧洲中世纪风格，以美型为主2.有组长经验者优先考虑3.要求工作经验1年以上4.有大型mmorpg工作经验5.对于换装制作熟悉且了解,,
72,3d建模设计师,上海时祐国际贸易有限公司,8千-1.5万,上海,1-3年,大专,20-99人,民营,电子商务,http://www.zhaopin.com/jobdetail/CC505264580J40496621616.htm,岗位职责：1、负责公司产品的建模渲染，建立产品视觉风格，2、结合产品特点，搭建使用场景，说明内部细节，寻找融合背景3、建立3D及平面背景素材库4、 工作迅速细心，对负责的产品有高度责任感，能保质保量完成各项工作任职要求：1、大专以上，2年以上建模渲染经验，2、熟练使用三位涉及软件（3D MAX或者C4D等制图和渲染相关软件），PS进行后期3、良好的审美，优秀产品视觉表现，较强的光影把控,,13薪
73,UE4游戏重构工程师,深圳市法本信息技术股份有限公司,1万-1.4万,上海,1-3年,大专,1000-9999人,上市公司,计算机软件,http://www.zhaopin.com/jobdetail/CC385622410J40621691106.htm,岗位职责：1、熟练使用UE4引擎UMG编辑器完成界面UI工作需要，准确还原效果。2、配合程序管理UI资源库。3、理解交互思想和基本原则，对UMG的结构规范有深刻理解。4、主动协调策划 美术 程序之间的界面功能完成工作。5、懂程序基础代码能力更佳。岗位要求（硬性）:有1年以上的游戏项目UMG拼接岗位工作经验。,,
74,c++游戏开发工程师,上海梦森霖信息技术中心(个人独资),9千-1.6万,上海,1-3年,本科,20人以下,民营,游戏,http://www.zhaopin.com/jobdetail/CCL1482446740J40653290614.htm,岗位信息：1.年龄要求：22-36岁2.学历要求：本科及以上3.工作时间：做五休二，早九晚六点半4.薪资：9-16k 5.1年及以上 6.热爱游戏行业，愿意与小伙伴们一起在初创公司努力 7.每年一次升职加薪机会 8.互相分享经验【不限定岗位】 岗位要求： 1.对unity 3d的API有一定的了解 2.熟练使用C++ 3.TCP/IP编程 4.有较强的学习能力和沟通能力，有较强的问题理解能力和逻辑...,周末双休,
75,QT研发工程师,上海震垒科技有限公司,1.5万-3万,上海,经验不限,本科,20-99人,民营,计算机软件,http://www.zhaopin.com/jobdetail/CCL1394027370J40644088211.htm,从事QT/C++软件研发，前端应用和后端算法。,,14薪
76,Video Game Developer 视频游戏开发,上海蓝载信息科技有限公司,1.5万-3万,上海,1-3年,本科,20-99人,民营,人工智能,http://www.zhaopin.com/jobdetail/CC818684770J40593744512.htm,"Job Description:As a Video Game Developer, you will be an integral part of our game development process, contributing to the creation of captivating and innovative video games. Your primary responsibi...",,
77,多媒体设计师,上海瑞逸环境设计有限公司,1万-1.5万,上海,1-3年,本科,20-99人,合资,房地产开发,http://www.zhaopin.com/jobdetail/CC613412628J00426862301.htm,岗位描述3D设计多媒体视觉对于 视觉特效、动画设计、动态图像有深入理解根据项目风格和定位，搜集设计资料，整理设计思路，使用工具或手绘表达设计意图，完成设计方案的制作完成项目相关相关的数字内容设计、创意与制作任职要求具有较强的审美能力、较高的工作热情，有强烈的责任心、沟通能力强、有较强的团队合作意识。性格开朗，能承受一定的工作压力，具有良好的沟通能力。熟练运用3DMAX、C4D、Maya等3D软件（...,"五险一金,年终奖,有餐补,体检福利,带薪假期,周末双休",
78,AI语音识别模型开发师,人卫嘉奕(上海)医学科技有限公司,1.3万-1.6万,上海,1-3年,本科,20-99人,民营,医疗设备/器械,http://www.zhaopin.com/jobdetail/CC703482320J40593781410.htm,岗位职责：1.负责分布式训练相关性能优化，包括数据加载、计算和显存优化等2.负责研发大模型高效容错技术，保证大模型能够持续训练。3.研究不同集群或者不同硬件配置上的最优并行策略和优化方法以及相关自动化技术。4.设计和开发大模型分布式训练系统，并探索相关前沿技术应用到实际项目中。5.负责对接和制作AI大模型产品的需求和业务改动。6.负责语音识算法的研究与开发，如声学模型训练、语言模型训练、解码器系统...,,
79,3D图像建模专员,大博医疗,8千-1万,上海,无经验,本科,1000-9999人,合资,医疗设备/器械,http://www.zhaopin.com/jobdetail/CC203711210J40801430915.htm,岗位职责：1. 使用建模系统，完成关节手术机器人的术前建模工作；2. 定期与 KOL 沟通，与研发团队不断完善术前规划系统，支持产品迭代；3. 建立及管理临床使用者的手术规划习惯，为客户提供良好的产品使用体验；4．支持展会及学术交流活动，在活动中提供专业的技术演示；5. 竞品调研，关注行业动态发展，及时更新竞品信息；6. 协助销售团队做好售前支持的技术讲解工作；7. 定期整理及总结疑难手术病理的建...,,
80,开发岗（开发语言不限+接受应届生+无经验）,外企德科数字技术有限公司,1.8万-3.5万,上海,经验不限,本科,10000人以上,合资,人力资源服务,http://www.zhaopin.com/jobdetail/CCL1480117890J40723555505.htm,"岗位要求：1、大学本科及以上学历，计算机相关专业；2、熟练Java、C++、python、前端任何一种开发语言，具备较为深厚的的编程规范；3、精通OpenGL，熟悉Shader编程，有相关渲染优化经验或者Vulkan经验者优先；4、熟悉至少一个主流3D引擎，如：Unity，UE，CryEngine, Godot，Orge等；5、学习能力强，具有良好的团队精神，具有高度责任心，具备独立解决问题的能力",,
