position_name,company_name,salary,work_city,work_exp,education,company_size,company_type,industry,position_url,job_summary,welfare,salary_count
LLM应用开发-全栈开发工程师（联合创始人）（居家办公）,上海套肯人工智能科技有限责任公司,1.8万-3.5万,上海,1-3年,本科,20人以下,,人工智能,http://www.zhaopin.com/jobdetail/CCL1478181760J40726694405.htm,职位：LLM应用开发-全栈开发工程师（联合创始人）（居家办公）职位描述我们正处于人工智能快速发展的时代，相信在未来4年内将实现AGI（通用人工智能），并在十年内达成Superintelligence（超人工智能）的突破。我们的创业公司正专注于Superintelligence领域，现计划实现一项创新产品：让用户能与网页（包括视频）进行交互。我们诚邀您加入创业团队的核心管理与技术队伍（联合创始人），...,股票期权,
Marketing Campaign Leader (Performance Media) ID173778,宜家（中国）投资有限公司,面议,上海,经验不限,学历不限,10000人以上,外商独资,零售/批发,http://www.zhaopin.com/jobdetail/CC145779880J40641919403.htm,WHAT YOU'LL NEED TO HAVE• Broad knowledge of project management• Broad knowledge of coordinating people within different disciplines to deliver to common goals and objectives• Broad knowledge of IKEA ...,,
sem,丽世(上海)遮阳技术有限公司,1.5万-3万,上海,3-5年,本科,100-299人,民营,汽车零部件,http://www.zhaopin.com/jobdetail/CC844877800J40653092613.htm,"岗位职责：1：负责公司在海外Facebook, Google, Twitter，Tiktok等广告平台投放操作及优化，熟悉平台机制；2：根据产品特点，针对目标市场环境与竞品市场定位及用户受众，明确项目市场宣传方向；3：进行广告账户数据分析，数据导向，提升投放精准性、有效性，控制性价比；并对网站广告投放CPC，CTR，注册成本，投入产出比等各项业务KPI负责；4：负责推广素材创意并协调素材制作，定期...",,13薪
LLM基模型训练工程师,浪潮集团,2.8万-5.5万,上海,3-5年,硕士,10000人以上,国企,IT服务,http://www.zhaopin.com/jobdetail/CC120143600J40785256715.htm,岗位职责：1. 负责算法设计，参数调优，预训练模型构建等相关工作，负责单轮，多轮对话模型的构建工作；2. 负责大规模文本数据处理，包括文本预处理、过滤、语义分析、标签构建等相关工作，少部分工作会用到实体识别，关键词抽取等处理。3. 负责NLP技术结合业务场景落地，针对不同场景，设计对新模型的实验方法，并评估其结果，提出实验过程中的效果评估指标。4. 总结提炼数据与业务的关系，能够及时发现业务数据波...,,
LLM算法实习生 (MJ003648),长春金赛药业有限责任公司,200-250/天,上海,无经验,学历不限,1000-9999人,上市公司,医药制造,http://www.zhaopin.com/jobdetail/CC000320460J40608303716.htm,职责描述：1.参与LLM信息抽取项目的需求分析，提供技术解决方案；参与LLM相关算法的研究、设计与开发。2.对文献数据进行分析和处理，包括但不限于文本分类、ner、信息抽取等。3.负责算法文档、开发文档撰写与维护4.跟踪和研究前沿的LLM处理技术，提出创新性的算法思路。任职要求：1. LLM、nlp、计算机等相关专业，硕士或博士在读。2. 具有扎实的数学和编程基础，熟悉 Python/C++等编程...,,
sem运营主管,上海美莱医疗美容门诊部有限公司,1.5万-2.2万,上海,5-10年,大专,1000-9999人,民营,卫生服务,http://www.zhaopin.com/jobdetail/CC695627720J40615062911.htm,岗位职责1、熟练掌握 SEM（搜索引擎营销）和信息流等广告优化投放，有管理经验优先；2、参与制定所负责项目的推广策略和投放计划，做好日监控执行；3、根据业务需求和市场变动针对不同业务不同节点优化账户关键词、创意、落地页，有效控制推广成本；4、监测和分析投放数据转化，及时调整推广策略，确保合理ROI。5、与产品研发团队紧密配合，根据产品特点和目标用户制定个性化投放方案。6、有一定数据分析能力，能对前...,,
媒介经理（上海）,欣和企业,1.5万-2.5万,上海,5-10年,大专,1000-9999人,外商独资,快速消费品,http://www.zhaopin.com/jobdetail/CC268650920J40654812210.htm,岗位职责：1、了解媒体发展趋势，有食品\快消品行业媒介策略、渠道投放的实战经验，可根据品牌/产品各业务发展阶段及推广诉求，建立行之有效的媒介策略并持续迭代，确保广告投放与市场活动紧密结合，形成有效的品牌传播。2、对数据具有极高敏感性及分析洞察能力，能够通过数据分析得出有效的优化投放方式，提高广告投放的ROI。3、监督协助媒体/代理商完成预算分配、素材制作、投放、A/B测试;持续监测及分析投放结果与...,,13薪
LLM算法工程师,浪潮集团,3万-6万,上海,3-5年,硕士,10000人以上,国企,IT服务,http://www.zhaopin.com/jobdetail/CC120143600J40789091415.htm,JD：岗位职责：1. 负责算法设计，参数调优，预训练模型构建等相关工作，负责单轮，多轮对话模型的构建工作；2. 负责大规模文本数据处理，包括文本预处理、过滤、语义分析、标签构建等相关工作，少部分工作会用到实体识别，关键词抽取等处理。3. 负责NLP技术结合业务场景落地，针对不同场景，设计对新模型的实验方法，并评估其结果，提出实验过程中的效果评估指标。4. 总结提炼数据与业务的关系，能够及时发现业务...,,16薪
LLM 数据科学家实习生（居家办公）,上海套肯人工智能科技有限责任公司,150-300/天,上海,无经验,本科,20人以下,,人工智能,http://www.zhaopin.com/jobdetail/CCL1478181760J40633864305.htm,"职位描述职位名称:LLM 数据科学家实习生（居家办公） 职位描述：• 熟练掌握Pytorch, hugging face。• 熟练掌握常规LLM的openai key的应用，比如chatgpt。 • 了解LLM最近发展详情，比如OpenAI, Anthropic。 • 熟练使用Linux 和 Docker。 • 熟练掌握React技术栈。 • 熟练使用过chatgpt者优先。 • 能够使用英文进行...",,
AI产品经理,上海克而瑞信息技术有限公司,2.5万-3.5万,上海,3-5年,本科,1000-9999人,外商独资,互联网,http://www.zhaopin.com/jobdetail/CC867077430J40725377805.htm,岗位职责：1.负责AI产品的整体规划和设计，包括需求分析、产品定义、功能设计等。2.与技术团队紧密合作，推动AI产品的研发和落地，确保产品按时高质量上线。 3.深入理解业务需求，将业务问题转化为具体的AI建模问题，设计合理的解决方案。 4.跟踪和分析产品上线后的效果，持续优化产品性能和用户体验。 5.关注AI领域的***和趋势，探索新的应用场景和技术方案。6.与业务团队保持密切沟通，收集用户反馈，...,,
媒介经理,江西百巢品牌管理有限公司,3.5万-5万,上海,经验不限,学历不限,100-299人,民营,广告/营销,http://www.zhaopin.com/jobdetail/CCL1476219420J40681403411.htm,岗位职责：1. 承接品牌及产品营销策略，制定媒介传播策略和传播方案；2.对现有品牌有清晰的定位，围绕品牌核心竞争力制定相关活动策划及市场营销；3.对市场热点反应敏锐，制造热点营销，日常对接媒体平台，捕获媒体资源方案，策划营销事件，提升品牌曝光度，提升品牌形象；4.媒介环境及前瞻性趋势研究，为品牌及产品媒介传播提供有效建议及媒介创意；5. 管控及考核媒介代理公司，对媒介投放效果负责；6. 联络KOC...,,
LLM基模型训练班组长,青岛基业百年人力资源有限公司,4万-6万,上海,5-10年,硕士,20-99人,民营,咨询服务,http://www.zhaopin.com/jobdetail/CC137020580J40682681812.htm,岗位职责:1.负责算法设计，参数调优，预训练模型构建等相关工作，负责单轮，多轮对话模型的构建工作;2.负责大规模文本数据处理，包括文本预处理、过滤、语义分析、标签构建等相关工作，少部分工作会用到实体识别，关键词抽取等处理。3.负责NLP技术结合业务场景落地，针对不同场景，设计对新模型的实验方法，并评估其结果，提出实验过程中的效果评估指标。4.总结提炼数据与业务的关系，能够及时发现业务数据波动，并给...,,
LLM算法工程师,上海硼矩新材料科技有限公司,1万-2万,上海,1-3年,本科,20-99人,民营,化工,http://www.zhaopin.com/jobdetail/CCL1325110020J40621560406.htm,岗位职责：1. 负责RAG模型相关研发工作，聚焦垂直领域大模型研究与应用，优化RAG各模块功能，寻找最佳实践2. 对多源数据进行预处理和清洗，构建私有数据库，提升文件的非/结构化解析能力3. 通过重排序、检索增强等方法，提升问答结果准确性和丰富度4. 设计实施大模型评估框架，对模型性能进行检测任职要求：1. 计算机、人工智能、软件工程等相关专业本科及以上学历，1~3年及以上实际项目开发经验2. 熟...,,
AI产品架构师,金桥信息,2.5万-3万,上海,3-5年,本科,500-999人,上市公司,互联网,http://www.zhaopin.com/jobdetail/CC120347960J40677255911.htm,工作职责1. 参与AI业务产品平台的搭建，并负责技术框架的规划和架构设计，并推动相关组件选型、模块分解以及系统落地；2. 深入了解业界AI平台的发展趋势，应用AI和大模型技术，保证平台技术架构的先进性和前瞻性；3. 完成技术文档撰写、开发、Code Review等相关技术工作，并解决过程中的核心技术问题，严格保证系统的交付质量。任职要求1. 本科及以上学历，计算机相关专业，5年以上开发经验、3年以...,,
gtm专员（产品经理）,外企德科数字技术有限公司,1万-1.8万,上海,经验不限,大专,10000人以上,合资,人力资源服务,http://www.zhaopin.com/jobdetail/CCL1480117890J40722380305.htm,协助支撑产品操盘相关工作，包含市场洞察、策略输出及落地跟进、数据报表输出和分析等，具体职责如下：1、开展例行市场洞察支持，例行收集、反馈、分析市场竞品动态及大盘走势，在指导下完成分析报告的输出；2、协助参与操盘日报/周报/月报/大促节点看板的制定，例行刷新数据并汇总输出，及时反馈市场境况为操盘决策提供支持；3、负责行业线例会/部门例会/其他相关会议的会议支撑，包含会议预定、会议通知、会议材料汇总整...,,
LLM基模型训练工程师,浪潮集团,2.5万-5万,上海,5-10年,硕士,10000人以上,国企,IT服务,http://www.zhaopin.com/jobdetail/CC120143600J40788569515.htm,岗位职责：1. 负责算法设计，参数调优，预训练模型构建等相关工作，负责单轮，多轮对话模型的构建工作；2. 负责大规模文本数据处理，包括文本预处理、过滤、语义分析、标签构建等相关工作，少部分工作会用到实体识别，关键词抽取等处理。3. 负责NLP技术结合业务场景落地，针对不同场景，设计对新模型的实验方法，并评估其结果，提出实验过程中的效果评估指标。4. 总结提炼数据与业务的关系，能够及时发现业务数据波...,,
谷歌广告投放,世纪开元智印互联科技集团股份有限公司,2万-3万,上海,3-5年,本科,1000-9999人,股份制企业,互联网,http://www.zhaopin.com/jobdetail/CC120790970J40604924506.htm,职位描述：1、针对公司独立站，负责公司产品在Google、Facebook等其他广告平台上进行广告投放，包括制定投放方案、预算和日常账户管理等；2、适配不同海外国家特点，与UI、开发人员和产品经理协作设计高效的广告创意和推广文案；3、监控广告投放效果及广告创意表现相关数据，根据营销诉求对不同渠道进行针对性的数据分析、总结并提出改进策略，持续优化广告效果；4、了解海外媒体广告产品动态及应用情况，契合...,,14薪
GTM-产品,外企德科数字技术有限公司,1.2万-2.3万,上海,1-3年,大专,10000人以上,合资,人力资源服务,http://www.zhaopin.com/jobdetail/CCL1480117890J40724689505.htm,协助支撑产品操盘相关工作，包含市场洞察、策略输出及落地跟进、数据报表输出和分析等，具体职责如下：1、开展例行市场洞察支持，例行收集、反馈、分析市场竞品动态及大盘走势，在指导下完成分析报告的输出；2、协助参与操盘日报/周报/月报/大促节点看板的制定，例行刷新数据并汇总输出，及时反馈市场境况为操盘决策提供支持；3、负责行业线例会/部门例会/其他相关会议的会议支撑，包含会议预定、会议通知、会议材料汇总整...,,
谷歌seo运营,丽世(上海)遮阳技术有限公司,1.2万-1.5万,上海,3-5年,本科,100-299人,民营,汽车零部件,http://www.zhaopin.com/jobdetail/CC844877800J40589542713.htm,"岗位职责：1、. 熟悉Google、Bing等搜索引擎的原理，有清晰完整的Google SEO(SEM) 优化逻辑和认知 熟悉排名规则；2、能熟练应用开源CMS(wordpress, dedeCMS等) 快速建站；3、对独立站运营工作从建站到询盘过程有系统性认知和实操经验；4、网站制作：管控页面设计，网站代码结构清晰简洁，兼容IE，Chrome等常见的浏览器。提升网站的PV，UV量，控制跳出率，提...",,13薪
投放组经理,欣和企业,1.5万-2万,上海,3-5年,本科,1000-9999人,外商独资,快速消费品,http://www.zhaopin.com/jobdetail/CC268650920J40696019710.htm,岗位职责：1、负责管理和统筹兴趣电商平台投放分析工作。（包括抖音、小红书、快手）并通过罗盘策略、云图等数据进行店铺人群运营，推广，和洞察。2、短视频投放：负责公司品牌在抖音平台的挂车短视频的投放策略，定制短视频投放计划，推广预算与成本把控。3、直播间投放：直播间板块投放工作，检测直播效果，优化投放策略，提高投放效率。4、数据分析与总结：监控分析投放效果，结合数据对广告投放策略进行调整，对站内投放具...,,
霸王茶姬-营运支持（供应链方向）-上海(A179194),四川茶姬企业管理有限公司,1.5万-3万,上海,5-10年,学历不限,10000人以上,民营,餐饮服务,http://www.zhaopin.com/jobdetail/CCL1390906120J40686022410.htm,"职位描述： 1、根据门店端产生的供应链问题，提供相应解决思路和处理流程，并沟通及协同规范集团相关对接部门，出具可落地可执行可复制的解决方案，从根源解决门店问题，提升门店满意度； 2、应运营和门店实际需求、数据异常分析，通过各种方式，协同各部门共同优化对应项目内容，达成优化的项目PM,为门店做到降本增效 ； 3、制定并落地中心对接机制，推动门店端问题有效解决。 4、完善门店库存管理体系，确保原材料和...",,
动漫供应链生产专员/主管,北京中信书店有限责任公司,1万-2万,上海,3-5年,本科,500-999人,国企,零售/批发,http://www.zhaopin.com/jobdetail/CC419477310J40714870905.htm,一、劳动用工标准1.用工性质：中信书店本部正式编制；2.合同期：首次合同3年以上；3.试用期：6个月。入职1-3个月按合同工资标准的80%发放，入职第4个月起按合同工资的100%发放。二、福利待遇1.六险二金（保险实缴、公积金12%、补充医疗、企业年金）及其他商业保险、年度体检；2.工会福利：年节日、员工生日，全年福利合计不低于2400元；3.员工茶歇120元/月；4.其他福利。三、薪酬范围：1、...,"正式编制,六险二金,补充医疗保险,企业年金,体检福利,绩效奖金,有餐补",
媒介总监,江西百巢品牌管理有限公司,2万-3万,上海,5-10年,本科,100-299人,民营,广告/营销,http://www.zhaopin.com/jobdetail/CCL1476219420J40638950411.htm,岗位职责1. 根据客户需求制订传播策略和传播执行方案，并能够独立带领团队完成客户对接、项目运营、项目总结等工作2. 制订传播成本预算，保质保量的完成传播任务，控制传播成本3. 按照确定的传播计划和预算，带领团队，及时准确的完成传播任务4.根据行业动态、热点，结合自身产品特性，系统规划各类媒体稿件、专访、专题合作等内容发布并执行；5.负责行业深度观察及高品质品牌传播文章策划与撰写6.负责各类创意传播...,,
GTM-产品,外企德科数字技术有限公司,1.1万-1.8万,上海,3-5年,大专,10000人以上,合资,人力资源服务,http://www.zhaopin.com/jobdetail/CCL1480117890J40724537505.htm,协助支撑产品操盘相关工作，包含市场洞察、策略输出及落地跟进、数据报表输出和分析等，具体职责如下：1、开展例行市场洞察支持，例行收集、反馈、分析市场竞品动态及大盘走势，在指导下完成分析报告的输出；2、协助参与操盘日报/周报/月报/大促节点看板的制定，例行刷新数据并汇总输出，及时反馈市场境况为操盘决策提供支持；3、负责行业线例会/部门例会/其他相关会议的会议支撑，包含会议预定、会议通知、会议材料汇总整...,,
投放组经理,欣和企业,1.5万-2万,上海,3-5年,本科,1000-9999人,外商独资,快速消费品,http://www.zhaopin.com/jobdetail/CC268650920J40696019710.htm,岗位职责：1、负责管理和统筹兴趣电商平台投放分析工作。（包括抖音、小红书、快手）并通过罗盘策略、云图等数据进行店铺人群运营，推广，和洞察。2、短视频投放：负责公司品牌在抖音平台的挂车短视频的投放策略，定制短视频投放计划，推广预算与成本把控。3、直播间投放：直播间板块投放工作，检测直播效果，优化投放策略，提高投放效率。4、数据分析与总结：监控分析投放效果，结合数据对广告投放策略进行调整，对站内投放具...,,
500强外企-Supply Planner,上海东浩人力资源有限公司,1.5万-2万,上海,5-10年,本科,100-299人,国企,咨询服务,http://www.zhaopin.com/jobdetail/CC382087910J40707323907.htm,工作内容：1.供应计划相关： a. 运行议员/组成 b. 发放订单/跟进订单/重新安排订单 c. 管理系统参数的更新和检查 d. 上传预测2.支持样品订单的发放。3.跟踪和发布供应链KPI。4.支持新的SKU创建活动。任职要求：1.本科及以上毕业，供应链/物流/商业等相关专业优先；2.具备5-8年供应链相关工作经验，具有医疗保健行业经验者优先；3.良好的英语听说读写能力，可作为工作语言；4.具有良...,,
程序化广告媒介,诺斯人力资源服务(深圳)有限公司,1.5万-2.5万,上海,1-3年,大专,20-99人,外商独资,人力资源服务,http://www.zhaopin.com/jobdetail/CCL1409866310J40693961810.htm,岗位职责：1.负责开拓及维护国内有广告变现需求移动APP开发商；2.合作媒体的维护和跟踪，并可跨部门与运营等进行媒体/客户需求的有效沟通;3.完成品牌/销售等需求媒体的定向拓展目标;4.根据公司业务发展拓展移动端的流量资源；5.较好的完成岗位目标和团队目标。任职要求：1.了解广告市场行业，尤其是程序化广告行业，具备一定的市场洞察能力和分析能力;2.互联网广告行业2年以上经验，程序化广告1年以上经验...,,13薪
SEM运营总监,盐城市思科网络工程有限公司,1.5万-2.5万,上海,5-10年,大专,100-299人,民营,互联网,http://www.zhaopin.com/jobdetail/CC229774510J40563915014.htm,需外派盐城、淮安、连云港区域能力优秀者薪资可面议岗位职责：1、基于客户的营销推广情况，挖掘客户的营销推广需求，扩大客户投放预算，提升客户广告投放效果，提升整体客户的满意度、续约率，并完成公司的总包业绩任务；2、负责公司大客户的专项对接，并解决客户在投放、营销推广方面的问题，为客户提供优质的营销框架合作方案，提升大客户满意度；3、负责运营团队的搭建和战斗力提升，通过团队培训及赋能，提升团队成员专业度...,,
媒介经理,江西百巢品牌管理有限公司,3万-4.5万,上海,经验不限,初中及以下,100-299人,民营,广告/营销,http://www.zhaopin.com/jobdetail/CCL1476219420J40664283011.htm,岗位职责：1. 承接品牌及产品营销策略，制定媒介传播策略和传播方案；2.对现有品牌有清晰的定位，围绕品牌核心竞争力制定相关活动策划及市场营销；3.对市场热点反应敏锐，制造热点营销，日常对接媒体平台，捕获媒体资源方案，策划营销事件，提升品牌曝光度，提升品牌形象；4.媒介环境及前瞻性趋势研究，为品牌及产品媒介传播提供有效建议及媒介创意；5. 管控及考核媒介代理公司，对媒介投放效果负责；6. 联络KOC...,,
资深产品经理（商品产品）,北京三快在线科技有限公司,面议,上海,3-5年,本科,1000-9999人,上市公司,互联网,http://www.zhaopin.com/jobdetail/CC383625320J40674261909.htm,美团到综事业部涵盖洗浴、足疗按摩、KTV、密室剧本娱乐、运动健身、宠物、酒吧、丽人、医美医疗、教育培训、亲子、结婚、家居、家政洗涤维修等数十个重点生活服务细分行业。我们为近200个本地生活服务行业提供营销、经营等数字化服务，链接本地消费需求和本地商家优质服务，搭建信息和交易平台，并提供高质量的履约服务保障。我们通过将信息及服务的线上化和标准化，为用户提供更多美好生活方式的选择，帮助商户在平台上更好...,免费健身,
海外广告媒介运营,上海炎灯网络科技有限公司,6千-8千,上海,无经验,本科,20-99人,港澳台公司,广告/营销,http://www.zhaopin.com/jobdetail/CCL1490984080J40722371508.htm,【岗位职责】1、日常Facebook、Google、Kwai、TikTok等大媒体的开户和账户对账2、对接广告主，进行日常运维，记录所负责项目日常消耗、客户充值情况，及时跟进客户和团队内部情况，优化工作流程上的问题3、签署io，一定周期内（每月或项目结算时）和广告主进行对账结算4、合理协调公司的内部资源，推进公司业务流程顺利进行5、维护和公司上下游的客情关系【任职要求】1、工作态度积极，乐于主动沟...,,13薪
私域运营经理,百玺(上海)企业管理有限公司,8千-1.5万,上海,3-5年,大专,100-299人,民营,快速消费品,http://www.zhaopin.com/jobdetail/CCL1379465560J40683322009.htm,岗位职责：1、负责公司私域业务团队的整体管理统筹和团队业务策略规划，构建具有行业优势的私域运营管理体系。2、搭建并运营私域流量（短视频平台粉丝、微信、社群私域体系等），完善并整合现有的模式，迭代用户的拉新、促活、奖励等机制，提升私域裂变速度。 3、以客户和粉丝为中心，挖掘用户需求，独立策划各种营销活动，能够对热点快速反应，激发用户参与度，促进优质内容分享和沉淀，提升社群的粘性；4、负责用户增长工具...,,
营销产品经理,北京三快在线科技有限公司,面议,上海,1-3年,本科,1000-9999人,上市公司,互联网,http://www.zhaopin.com/jobdetail/CC383625320J40661564109.htm,美团到综事业部涵盖洗浴、足疗按摩、KTV、密室剧本娱乐、运动健身、宠物、酒吧、丽人、医美医疗、教育培训、亲子、结婚、家居、家政洗涤维修等数十个重点生活服务细分行业。我们为近200个本地生活服务行业提供营销、经营等数字化服务，链接本地消费需求和本地商家优质服务，搭建信息和交易平台，并提供高质量的履约服务保障。我们通过将信息及服务的线上化和标准化，为用户提供更多美好生活方式的选择，帮助商户在平台上更好...,免费健身,
SEO运营经理,一扫光,1.5万-2万,上海,3-5年,本科,100-299人,民营,快速消费品,http://www.zhaopin.com/jobdetail/CC270036380J40855468304.htm,岗位职责:1. 负责制定和执行SEO推广计划，提升品牌知名度和网站流量2. 分析市场趋势，优化推广策略，提高转化率3. 监控和评估推广效果，及时调整推广方案任职要求：1. 具备出色的沟通能力和团队协作精神2. 能够独立完成任务，具有较强的项目管理能力3. 持续关注SEO领域的新动态，不断学习和应用新知识,,
跨境市场营销,拼多多,1.6万-3万,上海,经验不限,本科,1000-9999人,民营,互联网,http://www.zhaopin.com/jobdetail/CC625242220J40688430010.htm,1．负责跨境项目的市场营销工作，依据增长目标，制定对应营销策略并落地包含站内专题运营，广告投放创意生产，EDM内容策划，海外达人营销，SNS平台运营等多项工作；2．负责挖掘产品亮点，创作相关内容及独立把控创意质量，为转化效果负责；3．通过数据分析、用户研究和产品卖点洞察，持续优化内容策略，提升数据效果；4．熟悉增长方法论，了解各大社媒平台（Facebook、Tiktok、Instagram、You...,,16薪
用户体验运营专家,北京三快在线科技有限公司,面议,上海,3-5年,本科,1000-9999人,上市公司,互联网,http://www.zhaopin.com/jobdetail/CC383625320J40616647609.htm,美团金融服务平台成立于2016年，以“场景+金融”模式，携手合作伙伴构建开放生态，为美团平台用户和商户提供底层账户、支付通道、信贷、保险和理财等金融解决方案。我们致力于以科技为核心，助力金融机构打通金融普惠“最后一公里”。我们期待与大家共同完成每一件平凡而卓越的事情，一起为用户提供优质的产品体验，守护用户的资金安全，让生活变得更美好。岗位职责1.通过对产品用户体验流程及服务运营全场景深度分析，挖掘...,,
事业开发经理,爱志万(上海)健康管理有限公司,8千-1.6万,上海,经验不限,大专,100-299人,外商独资,卫生服务,http://www.zhaopin.com/jobdetail/CCL1447403670J40682417011.htm,职位描述： 1.深入了解行业，把握最新信息，为企业提供行业业务发展的战略依据；2.负责与政府、街道、社区沟通联系，推动项目进展。与合作伙伴进行联系，在更大范围内对项目进行推广、宣传和拓展； 3.发现客户需求、跟踪项目进程，对项目实施进行管理，撰写项目方案、报告； 4.进行活动策划、文案撰写、活动组织、活动宣传；5.负责市场营销推广策略的制定及推行，拓展销售渠道； 6.负责公司所有对外文化宣传的策划...,"周末双休,带薪假期,五险,包吃,通讯补助",
B端运营主管,果盈科技(徐州)有限公司,1.5万-3万,上海,3-5年,本科,20-99人,其它,互联网,http://www.zhaopin.com/jobdetail/CCL1475585770J40675233201.htm,岗位职责：1、负责团队业务目标（用户及销售额）达成；2、负责构建目标客户获取、跟进、转化和维护方法和流程，并带来团队有效落地执行3、负责围绕业务目标寻找各种解决方案（包括运营方案、活动策划等），并有效落地执行；4、负责运营工作的规划与安排，并带领运营团队有效实施；5、承接公司OKR目标，带领团队成员制定OKR，并跟进实施与有效达成，持续打造高绩效团队；6、负责运营团队建设：包括能力培养、人员选拔等...,,
美团企业版-客户成功经理（华东）,北京三快在线科技有限公司,面议,上海,1-3年,本科,1000-9999人,上市公司,互联网,http://www.zhaopin.com/jobdetail/CC383625320J40626695209.htm,美团平台为用户的基础产品体验负责，还承担了美团的用户增长、市场和品牌营销、前端技术基础设施建设以及多条业务线的产品设计职责，建立了融合文字、图片、视频和直播等不同形式的內容生态系统，同时整合地图服务部、客户服务和体验部、企业业务部、网约车业务部等部门，致力于用科技提升美团数亿消费者、近千万商家、骑手、司机和团长的服务体验。美团平台拥有高并发、多业务的复杂场景，为技术深度优化提供了最佳实践可能。这里...,出差补贴,
市场经理（上海）,成都华微电子科技股份有限公司,2.5万-4万,上海,5-10年,大专,500-999人,国企,电子/半导体/集成电路,http://www.zhaopin.com/jobdetail/CC120962660J40393677702.htm,岗位要求： 1、大专学历以上，电子、物理、机械或其它工科专业 2、7年以上芯片原厂和代理商销售经理相关工作经验 3、具备芯片行业尤其是模拟信号链，电源电池电机，光优与储能，汽车电子等领域的人脉 及知识储畜。 4、具备较强主观能动性、执行能力及良好的沟通能力 岗位职责： 1、新产品调研：依托公司固有产品线优势和技术路线进行新产品的拓展和调研，信息收其和成东与价格预估，和公司研发负责人 共同确定产品定...,,
服装用户运营（急招/商家分层运营）,外企德科,1万-1.1万,上海,1-3年,本科,1000-9999人,合资,人力资源服务,http://www.zhaopin.com/jobdetail/CC138117190J40723688105.htm,岗位职责：①分析货品：结合服装&女装品类特征，分析洞察新老客分层货品特征、及盘点货品清单，及场域特征；②活动报名：协同用增、外投团队，内部商家团队，根据用户特性及货品分层，通过权益，拉新活动报名方式带来用户和订单；③搭建用户报表、数据分析报表，推动产品迭代。岗位要求：①熟练使用SQL、excel表等数据分析和统计能力；②有电商数据分析能力优先；③1年以上电商行业经验，数据分析经验。工作时间：10：...,,
Merchandising Manager-商品经理,上海乐高乐园有限公司,2万-3万,上海,5-10年,本科,1000-9999人,合资,旅游服务,http://www.zhaopin.com/jobdetail/CCL1316963660J40584836803.htm,"Job Responsibilities:1. Category Planning- Managing the planning and implementation of product lines with aligned merchandising strategies.- Utilize data analytics to understand customer behavior, tra...",免费班车,
人文垂类内容运营,北京三快在线科技有限公司,面议,上海,1-3年,本科,1000-9999人,上市公司,互联网,http://www.zhaopin.com/jobdetail/CC383625320J40574131509.htm,大众点评作为国内重要的本地生活消费决策参考平台，多年来深耕本地生活消费领域，深受广大用户的信任和喜爱。我们的业务覆盖了吃喝玩乐游购娱等生活场景，通过极具辨识度和公信力的”星级“和”评价“产品，为数亿用户提供了全面、可信的消费决策依据。为更好满足用户探索城市的需求，大众点评在原有星级和评价的基础上，以信息流产品形式，助力用户发现更多好去处。大量优秀年轻同学的加入，为我们的团队注入了澎湃活力。我们相信...,,
seo运营主管,鲨鱼股份,1.5万-2.5万,上海,3-5年,本科,100-299人,民营,石油/石化,http://www.zhaopin.com/jobdetail/CC478471710J40698845207.htm,岗位职责：1.负责制定并执行全面的SEO策略，提升网站在搜索引擎中的排名和流量。2.分析关键词和竞争对手，优化网站内容和结构，提高网站的搜索可见性。3.负责监测和分析网站流量、排名和转化率数据，及时调整SEO策略。4.与内容团队合作，优化网站内容，提升用户体验和搜索引擎友好度。5.跟踪SEO行业动态和算法更新，及时调整策略，保持网站的优势地位。任职要求：1.本科及以上学历，计算机、市场营销或相关专...,,
网站运营,运研材料科技(无锡)有限公司,8千-1万,上海,1-3年,本科,20-99人,民营,橡胶和塑料制品,http://www.zhaopin.com/jobdetail/CCL1319836710J40688681512.htm,岗位内容：1. 负责网站日常运营工作，包括网站内容管理、活动策划和推广等；2. 维护管理网站社区和用户反馈，及时处理用户问题；3. 收集竞品信息，进行竞品分析和行业研究。任职要求：1. 具备良好的文字表达和沟通能力，逻辑思维严密，2.有阿里国际站运营经验的优先，3. 热爱互联网行业，对网站运营和产品有浓厚兴趣。,,
电动滑板车供应链产品经理,上海璨明电子贸易有限公司,1.2万-1.5万,上海,3-5年,本科,20人以下,民营,电子/半导体/集成电路,http://www.zhaopin.com/jobdetail/CC466294880J40624034606.htm,岗位职责：根据电动滑板车开发需求，寻找并筛选国内合适的供应商，协同定制开发所需组件，如电机、电池、控制器等关键部件。对接海外客户的技术与规格需求，将其转化为具体的产品开发方案。主导供应链管理，包括报价、样品确认、生产跟踪等流程，确保开发进度。参与整车设计与功能优化，提供专业建议。收集智能移动领域的市场趋势和技术动向，支持产品创新。岗位要求：在中国电动滑板车或相关智能移动领域有3年以上从业经验。熟悉...,弹性工作,
小象事业部-计划专家SU,北京三快在线科技有限公司,面议,上海,1-3年,本科,1000-9999人,上市公司,互联网,http://www.zhaopin.com/jobdetail/CC383625320J40614073309.htm,小象超市为美团自营零售业务，定位为社区居民的“30分钟快送超市”，采用“手机App+线下服务站”的模式，通过在社区设立的集存储、分拣、配送为一体的便民服务站，为社区居民提供生鲜食杂日用及配送服务。目前，小象超市已在北京、上海、深圳、广州、武汉、苏州、杭州等多个城市上线。在美团“零售+科技”战略聚焦下，小象超市承载着“深耕即时零售，提升消费体验”的任务，是公司在线上零售探索的核心业态之一，给一二线城...,,
媒介主管,上海温蒂电子商务有限公司,1万-1.5万,上海,1-3年,大专,100-299人,民营,电子商务,http://www.zhaopin.com/jobdetail/CC883947120J40684919111.htm,岗位职能：1、根据产品定位进行媒介策略规划 （3C品类），包含不同渠道的平台投放策略，预算分配及传播节奏；配合新品上市节奏，制定媒介推广方案，形式不限于种草商销、明星直播等营销一体化策略。2、媒介资源管理，挖掘内容渠道高质量KOL资源包括但不限于抖音、小红书、快手、微视频并进行合作，维持续护更新自有媒介资源库。3、达人把控及内容审查；结合产品属性及宣传卖点审查达人的内容，达到品效合一的目的；4、管...,,
本地生活运营（点评/美团）,上海车掌门网络科技有限公司,8千-1.5万,上海,1-3年,本科,20人以下,民营,在线生活服务（O2O）,http://www.zhaopin.com/jobdetail/CCL1481336160J40679233408.htm,工作内容：1) 品牌旗下所有门店的大众点评美团商家运营；2) 对大众点评美团数据进行分析并提出改善建议。3) 对大众点评平台活动申请；4) 负责点评店铺线上平台维护/更新/推广；5) 保持对内外市场敏感度，及时分析市场动态及复盘数据，及时调整推广方案，为品牌推广提供相关的策划运营方案；2、任职要求1) 熟悉大众点评美团商家平台的运营规则；熟悉大众点评以及其他相关平台运营方式、推广方式和操作模式，对...,,
大模型业务运营,北京三快在线科技有限公司,面议,上海,3-5年,本科,1000-9999人,上市公司,互联网,http://www.zhaopin.com/jobdetail/CC383625320J40667329409.htm,美团平台为用户的基础产品体验负责，还承担了美团的用户增长、市场和品牌营销、前端技术基础设施建设以及多条业务线的产品设计职责，建立了融合文字、图片、视频和直播等不同形式的內容生态系统，同时整合地图服务部、客户服务和体验部、企业业务部、网约车业务部等部门，致力于用科技提升美团数亿消费者、近千万商家、骑手、司机和团长的服务体验。美团平台拥有高并发、多业务的复杂场景，为技术深度优化提供了最佳实践可能。这里...,,
MCN销售经理(A208902),北京百车宝科技有限公司,3万-5万,上海,1-3年,本科,100-299人,民营,互联网,http://www.zhaopin.com/jobdetail/CC202129530J40431451001.htm,职位描述：1.贯彻执行公司的销售策略，负责商机转化，寻找潜在客户，发掘分析客户需求，制定创意方案，推动客户成交；负责维护客户关系，完成销售任务；2.负责销售项目的推进落实和控制，对团队业绩负责；3.收集市场、客户及竞争产品相关信息及动态，并提出合理化建议。职位要求：1.本科及以上学历，具备一定的媒体销售经验；2.具备综合类网站汽车模块/频道，或汽车行业垂直类网站/自媒体/MCN销售经验；3.良好沟...,"五险一金,有餐补,交通补助,补充医疗保险,体检福利,带薪旅游",
CVS策略部经理,内蒙古蒙牛乳业(集团)股份有限公司,2万-3万,上海,3-5年,本科,10000人以上,国企,农/林/牧/渔,http://www.zhaopin.com/jobdetail/CC000605800J40586809013.htm,1.完成公司下达的重点便利渠道业绩指标；制定客户年度生意发展规划，并落实追踪执行情况；2.负责所有便利渠道客户标准化管理：必备SKU、货架份额、陈列达成、价格体系、生动化等；3.负责与重点便利渠道客户开展品类管理项目试点与推广；4.负责便利渠道营销规划，结合系统、到家平台及品牌的营销日历及KA体系及集团年度的核心资源实现方案向零售系统的方案落地5.负责便利渠道行销标准化统筹及落地工作6.完成公司要...,,
小象事业部-计划专家SH,北京三快在线科技有限公司,面议,上海,1-3年,本科,1000-9999人,上市公司,互联网,http://www.zhaopin.com/jobdetail/CC383625320J40669504809.htm,小象超市为美团自营零售业务，定位为社区居民的“30分钟快送超市”，采用“手机App+线下服务站”的模式，通过在社区设立的集存储、分拣、配送为一体的便民服务站，为社区居民提供生鲜食杂日用及配送服务。目前，小象超市已在北京、上海、深圳、广州、武汉、苏州、杭州等多个城市上线。在美团“零售+科技”战略聚焦下，小象超市承载着“深耕即时零售，提升消费体验”的任务，是公司在线上零售探索的核心业态之一，给一二线城...,,
BDM-上海(J33094),北京五八信息技术有限公司,1万-1.5万,上海,无经验,大专,10000人以上,合资,互联网,http://www.zhaopin.com/jobdetail/CC330611210J40692068303.htm,工作职责1、带领销售团队拓展、开发制造业行业新客户或维护老客户，销售公司网络招聘相关产品为客户解决用人需求，对团队的整体销售业绩负责； 2、引进和保留优秀的销售人才，对下属给予培训和指导，持续提升其业务能力，提升团队人均单产。创建和完善团队管理办法与相关流程，使团队具备优秀的业务能力和良好的工作状态； 3、及时分析相关的数据，根据市场发展和公司业绩要求，分解团队工作计划与目标，并及时给予督导和支持...,,
行业运营经理,上海从鲸信息技术有限公司,2万-4万,上海,5-10年,本科,10000人以上,民营,互联网,http://www.zhaopin.com/jobdetail/CCL1482748030J40687319812.htm,岗位职责：1、根据平台需求，制定优质商家的定向招商计划，招募具有跨境经验的卖家入驻，能针对目标企业的需求，结合平台的特点及发展方向，找到双方的共同利益点，提升商家对平台合作意愿；2、对商家分类分层管理，按照商家特征及商圈发展方向，制定对应的运营策略；3、帮助新入驻的优质商家快速落地和发展，引导品牌做好发展规划，包括市场定位、商品规划、品牌营销、运营策略等；4、善于分析数据，能够出具行业分析报告，并...,,16薪
运营经理（摄像、写真类）,上海清美绿色食品(集团)有限公司,1万-2万,上海,3-5年,大专,1000-9999人,合资,快速消费品,http://www.zhaopin.com/jobdetail/CC170002110J40649770202.htm,【岗位职责】1. 全面负责写真馆的日常运营和管理的各项事务；2. 实现写真馆销售目标，制定并执行有效的营销策略，提升写真馆业绩；3. 落实标准化店务流程、各岗位服务流程、细节品质的整体把控，确保服务质量，维护写真馆形象；4. 负责写真馆员工的面试、入职培训、排班等，沟通激励团队成员，营造积极向上的工作氛围，促进团队成长；5. 优化客户体验，处理客户投诉，提升客户满意度和忠诚度；6. 负责写真馆财务...,,
车载营销经理,西安龙飞网络科技有限公司,2万-4万,上海,3-5年,本科,100-299人,上市公司,通信/网络设备,http://www.zhaopin.com/jobdetail/CC698499720J40668475103.htm,岗位职责： 1.开发日本车载电子业务新客户，维护客户的良好合作关系； 2.制定销售计划，完成销售目标；签订销售合同和销售订单； 3.制定销售计划，完成销售目标；签订销售合同和销售订单； 任职要求： 1.3年以上车载产品销售经验；有日本市场开拓的经历。 2.40岁以下，本科学历及以上 3.有日本车厂及Tire1客户资源；有日本车载TBOX产品销售经验；具有良好的日语沟通能力；责任心强，条理清楚，做事...,,
半导体靶材销售经理(J15328),广东先导稀材股份有限公司,1.8万-3.5万,上海,1-3年,大专,1000-9999人,民营,化工,http://www.zhaopin.com/jobdetail/CC268804910J40792520404.htm,"岗位职责:1、负责半导体靶材,化学品及同类产品在集成电路行业的市场开发、产品推广和销售；2、协助上级调整和实施销售策略、销售计划，并完成销售任务；3、渠道资源丰富，能够独当一面地维护客户关系，并能迅速地拓展新客户新订单；4、协助销售助理及客服部门进行订单的管理和执行。任职要求:1、2年以上集成电路行业前道制程与后道封测的相关从业经验；有同类产品的客户资源或出色销售业绩者优先；3、 有较强的沟通能力...",,
超旗舰营销经理（尊界）,华为技术有限公司,面议,上海,经验不限,大专,10000人以上,民营,运营商/增值服务,http://www.zhaopin.com/jobdetail/CC000542940J40707212714.htm,岗位职责：1.结合尊界产品营销目标，客观诊断营销现状，识别问题，制定整合营销目标、策略、预算配置；2.负责产品生命周期的全过程整合营销，包含新车上市、平销、退市，对产品营销的传播心智、热度和线索获客负责；3.对外横向拉通，与公司产品线、零售、服务等团队互锁传播和获客目标，协调营销资源；4.对内整合营销策略统战，拉齐公关、社媒、媒介等团队落地营销策略，追踪达成营销目标，对结果进行复盘，完成营销效果评...,,
增长运营（媒介投放）,外企德科,8千-1万,上海,1-3年,大专,1000-9999人,合资,人力资源服务,http://www.zhaopin.com/jobdetail/CC138117190J40727403405.htm,岗位职责：1、负责得物信息流市场的用户获取，深入了解信息流广告投放机制、优化策略，优化数据；2、负责广告方案的策划和执行，跟踪广告数据，为带来的用户数量及质量负责，产出投放报表;3、熟悉主流投放媒体包括但不限于（头条，腾讯，快手）的流量情况，与媒体保持良好沟通，了解行业新的获量模式，评估并选择适合产品的新功能进行测试并取得相应的结果;4、理解目标市场用户群体，把握受众心理，优化投放目标，能优化视频...,,
供应链主管（业务BP）,上海展志实业集团有限责任公司,6千-1万,上海,1年以下,本科,1000-9999人,民营,贸易/进出口,http://www.zhaopin.com/jobdetail/CC147842580J40674886302.htm,工作职责1、根据公司岗位要求，通过多渠道学习，快速理解公司业务及供应链流程；2、对接大客户经理的业务做跟单及服务；3、公司给予的客户进行维护；4、对于工作思路，可大胆提出自己的想法，全面施展自己的才华；5、完成上级领导交付的其他临时性工作，并及时汇报各项工作进展、结果，监督落实。任职资格1、能源与材料、市场营销、经济管理等院系专业统招本科学历、会开车；2、具备一年以上同岗位经验且愿意往供应链业务B...,,
行业运营负责人（LE方向）,北京三快在线科技有限公司,面议,上海,5-10年,本科,1000-9999人,上市公司,互联网,http://www.zhaopin.com/jobdetail/CC383625320J40665308009.htm,商业增值部是服务于美团核心本地商业客户的增值服务平台，覆盖餐饮、即时零售、医药、休闲娱乐、丽人医美、生活服务、酒旅度假等业务领域。我们致力于构建健康的本地商业生态，通过为平台客户和消费者提供符合其需求的多元、便捷、高效的商业产品和服务，帮助生态伙伴提高效率、优化经营、实现持续健康发展，推动本地商业数字化营销的发展，促进商业生态繁荣。作为本地商业的头部平台，我们为产品、运营、商务、技术、商业分析等领...,,
媒介投放经理/专员,飞科电器,1万-2万,上海,3-5年,本科,1000-9999人,上市公司,耐用消费品,http://www.zhaopin.com/jobdetail/CC267206710J40627743106.htm,岗位职责：1、根据品牌市场和产品策略，制定市场推广、产品种草规划，满足产品&品牌推广和电商活动的需求；2、负责新媒体平台（小红书，抖音，微博，微信，B站）内容效果投放把控，包括但不限于，效果投放策略制定，投放数据的分析优化，内容创意产出。3、及时掌握当下新媒体渠道的热点及掌握重要的时间节点，不断优化投放效果，为品牌梳理并制定和落实内容投放策略打法，并监测投放结果，为内容投放效果KPI负责。4、沟通...,,
品牌媒介经理,上海量欣科技有限公司,1万-1.8万,上海,5-10年,本科,20-99人,民营,互联网,http://www.zhaopin.com/jobdetail/CCL1329681930J40684367401.htm,品牌媒介经理岗位职责：1、媒介商务工作内容，负责达人、MCN商务合作洽谈、价格谈判，取得最优政策，挖掘与维护优质KOL、KOC资源；2、能站在项目负责人的角度承接业务，为输出内容负责，从理解品牌内容、对接brief、达人内容产出和审核发布等优化内容正向输出，并持续跟踪推广结果数据；3、满足产品及品牌的推广需求，策划制定市场推广、产品种草规划。理解媒介策略，具备一定的竞品分析、用户洞察和简单方案撰写...,,
平台运营主管,上海数智世界工业科技集团有限公司,1.5万-2万,上海,5-10年,本科,1000-9999人,民营,纺织业/服饰产品加工制造,http://www.zhaopin.com/jobdetail/CCL1468463130J40796889815.htm,岗位职责：1、负责棉纱销售平台运营，针对纱线用户群体、运营规则、产品特点和市场状况制定运营规划，建立高效的运营管理体系，打造平台的核心竞争力并完成公司下达的运营指标；2、基于公司业务场景，设计并推行流程管理体系，负责公司内部业务流程的分析、优化和重构，提高业务的效率和质量；3、负责平台业务的数据管理、分析，掌握整个流程的实时数据和各个环节的关键指标，有效量化跟踪结果性指标以及关键的过程指标为业务运...,,
内容标签运营专家,北京三快在线科技有限公司,面议,上海,3-5年,本科,1000-9999人,上市公司,互联网,http://www.zhaopin.com/jobdetail/CC383625320J40596693909.htm,大众点评作为国内重要的本地生活消费决策参考平台，多年来深耕本地生活消费领域，深受广大用户的信任和喜爱。我们的业务覆盖了吃喝玩乐游购娱等生活场景，通过极具辨识度和公信力的”星级“和”评价“产品，为数亿用户提供了全面、可信的消费决策依据。为更好满足用户探索城市的需求，大众点评在原有星级和评价的基础上，以信息流产品形式，助力用户发现更多好去处。大量优秀年轻同学的加入，为我们的团队注入了澎湃活力。我们相信...,,
Textin的运营负责人,西安航天基地德创电子科技有限公司,4万-5万,上海,5-10年,本科,100-299人,民营,人力资源服务,http://www.zhaopin.com/jobdetail/CCL1421518380J40689956414.htm,"工作职责1. 负责公司旗下TextIn、文档解析等多款产品的行业渠道拓展、运营工作;2. 带领团队,为整体线索商机转化供给负责。通过流量挖掘、端外投放、市场活动及转化效率管理3. 搭建商机策略平台，提升策略响应时效，联动算法&BI构建并沉淀策略标签；4. 为运营团队制定客户增长策略,设计团队及配合机制落地定制化客户策略。5. 渠道投放：通过SEO/SEM/公众号等渠道投放，提升B端用户增长 任职资...",,
seo/高级推广,鲨鱼股份,1.5万-1.6万,上海,3-5年,大专,100-299人,民营,石油/石化,http://www.zhaopin.com/jobdetail/CC478471710J40698862007.htm,岗位职责：1. 负责制定并执行全面的SEO策略，提升网站在搜索引擎中的排名和流量。2. 分析关键词和竞争对手，优化网站内容和结构，提高网站的搜索可见性。3. 负责监测和分析网站流量、排名和转化率数据，及时调整SEO策略。4. 与内容团队合作，优化网站内容，提升用户体验和搜索引擎友好度。5. 跟踪SEO行业动态和算法更新，及时调整策略，保持网站的优势地位。任职要求：1. 大专及以上学历，计算机、市场...,,
内容运营（医疗行业）,北京三快在线科技有限公司,面议,上海,3-5年,本科,1000-9999人,上市公司,互联网,http://www.zhaopin.com/jobdetail/CC383625320J40621343309.htm,美团买药是美团旗下的医药健康业务板块，2020年作为独立品牌发布，在“让健康相伴每个人”的使命驱动下，希望能成为中国家庭首选的购药和用药服务平台。目前，美团买药的业务版块包括即时零售、快递电商、互联网医疗、创新业务（如居家快检）等版块，合作药店超过25万家，覆盖全国近3000个市区县旗，在超过1000多个县城开设了24小时数字化药店；同时也与华润三九、哈药、济川、拜耳、强生、GSK、欧加隆、辉瑞、...,,
HCM产品营销经理,浪潮集团,1.2万-2.4万,上海,3-5年,本科,10000人以上,国企,IT服务,http://www.zhaopin.com/jobdetail/CC120143600J40802703215.htm,岗位职责：1、产品营销分析：浪潮海岳HCM Cloud产品竞品分析，梳理产品卖点、亮点；组织课程开发，开展产品赋能培训；推动上市宣传，包括品牌活动、营销活动等；2、产品营销计划开发与管理：产品目标市场研究、梳理特性价值、细分市场分析及销售预测；制定产品营销计划，开发营销工具；精准落地于行业及区域，支撑拉动产品销售；3、市场管理与大项目支持：重大项目支持，对客户反应的产品问题进行跟进，对产品竞争力进...,,
供应链经理,上海致敬科技有限公司,2万-3万,上海,3-5年,本科,20-99人,民营,医疗设备/器械,http://www.zhaopin.com/jobdetail/CCL1250436480J40668782104.htm,职能要求：1. 考察供应商，挑选供应商，对供应商进行合同、订单、成本、物流、仓储、售后、质量等工作的系统化管理2.要求，有塑料、电子、小家电、机械自动化、汽车、3C类产品等行业的供应链管理经验。任职要求：1. 本科学历，物流、供应链管理或相关领域；2. 熟悉塑料制品、母粒、塑料膜、塑料制品加工等厂商3. 3年及以上供应链管理经验，具有成功策划和实施供应链战略的经历；4. 具备出色的沟通协调能力、团...,,
用户增长产品经理,北京三快在线科技有限公司,面议,上海,3-5年,本科,1000-9999人,上市公司,互联网,http://www.zhaopin.com/jobdetail/CC383625320J40651249109.htm,大众点评作为国内重要的本地生活消费决策参考平台，多年来深耕本地生活消费领域，深受广大用户的信任和喜爱。我们的业务覆盖了吃喝玩乐游购娱等生活场景，通过极具辨识度和公信力的”星级“和”评价“产品，为数亿用户提供了全面、可信的消费决策依据。为更好满足用户探索城市的需求，大众点评在原有星级和评价的基础上，以信息流产品形式，助力用户发现更多好去处。大量优秀年轻同学的加入，为我们的团队注入了澎湃活力。我们相信...,,
国内渠道投放负责人,西安航天基地德创电子科技有限公司,4万-5万,上海,经验不限,本科,100-299人,民营,人力资源服务,http://www.zhaopin.com/jobdetail/CCL1421518380J40686435814.htm,【岗位职责】1.负责扫描全能王App在国内信息流、商店、搜索等渠道的投放，尤其擅长信息流渠道，例如字节、腾讯、快手等渠道的增长投放，基于产品考核目标，制定增长投放方法，对产品的投放效果负责；2.对外协调沟通媒体、代理，推动广告投放落地；对内协同产品、数分、技术等部门优化投放效果；3.对投放链路、各个投放细节深度熟悉，能够及时发现投放问题并针对性解决；4.能够结合用户分析、渠道分析、行业动态等探索新...,,
SFE经理,北京医百科技有限公司,2.5万-3.5万,上海,1-3年,本科,300-499人,合资,企业服务,http://www.zhaopin.com/jobdetail/CC431519230J40799619215.htm,一、职责概述策略规划与目标设定SFE 经理需要根据公司的整体销售战略，制定销售效能提升计划。例如，确定年度销售团队的效率提升目标，如将销售周期缩短一定比例（比如从平均 90 天缩短至 70 天），或者提高销售团队的赢单率（从 30% 提升至 35%）。与高层管理团队合作，确保销售效能策略与公司的财务目标、市场定位和产品战略相匹配。例如，如果公司计划推出一款高性价比的新产品，SFE 经理要规划如何让...,,
用户产品（场景导购方向）,北京三快在线科技有限公司,面议,上海,1-3年,本科,1000-9999人,上市公司,互联网,http://www.zhaopin.com/jobdetail/CC383625320J40678085109.htm,美团到综事业部涵盖洗浴、足疗按摩、KTV、密室剧本娱乐、运动健身、宠物、酒吧、丽人、医美医疗、教育培训、亲子、结婚、家居、家政洗涤维修等数十个重点生活服务细分行业。我们为近200个本地生活服务行业提供营销、经营等数字化服务，链接本地消费需求和本地商家优质服务，搭建信息和交易平台，并提供高质量的履约服务保障。我们通过将信息及服务的线上化和标准化，为用户提供更多美好生活方式的选择，帮助商户在平台上更好...,免费健身,
Brand Manager-Cross Category,安利（中国）日用品有限公司,2.5万-3万,上海,5-10年,本科,1000-9999人,外商独资,快速消费品,http://www.zhaopin.com/jobdetail/CC000034110J40522288402.htm,"岗位职责:Responsibility • Support “Heathy aging” business platform development including portfolio design, go to market planning & execution, and consolidate cross team efforts to roll out “Healthy-aging ...",,13薪
高级媒介专员/主管（CPS运营）,北京中信书店有限责任公司,7千-1.2万,上海,1-3年,本科,500-999人,国企,零售/批发,http://www.zhaopin.com/jobdetail/CC419477310J40714874305.htm,岗位名称：高级媒介专员/主管（CPS运营）一、劳动用工标准1.用工性质：中信书店本部正式编制；2.合同期：首次合同3年以上；3.试用期：6个月。入职1-3个月按合同工资标准的80%发放，入职第4个月起按合同工资的100%发放。二、福利待遇1.六险二金（保险实缴、公积金12%、补充医疗、企业年金）及其他商业保险、年度体检；2.工会福利：年节日、员工生日，全年福利合计不低于2400元；3.员工茶歇12...,"正式编制,六险二金,补充医疗保险,企业年金,体检福利,绩效奖金,有餐补",
用户运营,北京三快在线科技有限公司,面议,上海,3-5年,本科,1000-9999人,上市公司,互联网,http://www.zhaopin.com/jobdetail/CC383625320J40621487809.htm,美团到综事业部涵盖洗浴、足疗按摩、KTV、密室剧本娱乐、运动健身、宠物、酒吧、丽人、医美医疗、教育培训、亲子、结婚、家居、家政洗涤维修等数十个重点生活服务细分行业。我们为近200个本地生活服务行业提供营销、经营等数字化服务，链接本地消费需求和本地商家优质服务，搭建信息和交易平台，并提供高质量的履约服务保障。我们通过将信息及服务的线上化和标准化，为用户提供更多美好生活方式的选择，帮助商户在平台上更好...,免费健身,
用户增长经理,上海美志人才服务有限公司,3万-5万,上海,3-5年,本科,20人以下,民营,咨询服务,http://www.zhaopin.com/jobdetail/CC348935610J40635509007.htm,用户增长高级经理（副总监） 岗位职责：1、负责制定并执行私域用户增长策略，包括但不限于社群构建、内容营销、用户裂变等，实现用户规模的有效增长。2、分析用户行为数据，挖掘用户需求，优化用户增长路径，提升用户活跃度和留存率。3、搭建并优化私域流量池，建立高效的用户运营体系，提升用户转化率和复购率。4、跨部门协作，与产品、技术等部门紧密配合，共同推动产品优化和用户体验提升。5、监控并评估用户增长效果，定...,,13薪
海外广告客户经理（AM）,雨果跨境(厦门)科技有限公司,1.2万-2.4万,上海,1-3年,本科,300-499人,民营,互联网,http://www.zhaopin.com/jobdetail/CC441123820J40583376703.htm,岗位职责：1、负责客户海外广告账户相关问题解答并响应，为客户提供日常服务；2、负责客户在Google/Facebook/Tiktok等广告平台上的海外广告投放工作；3、定期对在投渠道的效果进行整体分析，根据数据分析结果优化广告投放方案，持续精准化广告投放；4、完成每周、每月的相关数据报表，并能从数据报表中发掘问题所在，找到相关规律，提供建设性意见，根据账户投放效果分析数据，结合客户需求，制定下一步...,,
用户增长产品专家,北京三快在线科技有限公司,面议,上海,3-5年,本科,1000-9999人,上市公司,互联网,http://www.zhaopin.com/jobdetail/CC383625320J40644540609.htm,大众点评作为国内重要的本地生活消费决策参考平台，多年来深耕本地生活消费领域，深受广大用户的信任和喜爱。我们的业务覆盖了吃喝玩乐游购娱等生活场景，通过极具辨识度和公信力的”星级“和”评价“产品，为数亿用户提供了全面、可信的消费决策依据。为更好满足用户探索城市的需求，大众点评在原有星级和评价的基础上，以信息流产品形式，助力用户发现更多好去处。大量优秀年轻同学的加入，为我们的团队注入了澎湃活力。我们相信...,,
AI b端运营负责人,西安航天基地德创电子科技有限公司,4万-5万,上海,1-3年,本科,100-299人,民营,人力资源服务,http://www.zhaopin.com/jobdetail/CCL1421518380J40686996514.htm,"【工作职责】1. 负责公司旗下textin、文档解析等多款产品的投放分析工作,为用户增长投放模式搭建科学的评估体系;2. 负责营销中台数据能力的搭建,根据业务需要产出需求,配合产研不断提升营销中台的业务能力;3. 负责通过产品手段提升各个投放场景的触达转化承接效率;4. 负责营销数据体系的搭建,与公司内产品、研发和BI等部门充分协同,实现业务推动和提效;5. 负责专项营销项目的效果评估体系制定与搭...",,
私域主管,上海鑫江洋供应链管理有限公司,1万-1.3万,上海,5-10年,大专,100-299人,,食品/饮料,http://www.zhaopin.com/jobdetail/CCL1396028550J40607483612.htm,岗位职责：1、制定私域电商、私域社群渠道年度经营目标、费用预算及月度计划不限于(用户拉新，转化，留存，复购，销售，ARPU等关键指标)；2、负责私域电商部门团队的搭建、员工管理、流程制度的制定；3、负责私域电商运营模式，不限于公众号、小程序、微商城等运营规则的制定，对输出内容审核并进行效果复盘；4、对公司产品的品牌推广活动进行效果评估和渠道的对接，建立专业的数据分析模板和流程；5、策划营销推广、促...,,
用户增长高级专家（广告投放方向）,北京三快在线科技有限公司,面议,上海,1-3年,本科,1000-9999人,上市公司,互联网,http://www.zhaopin.com/jobdetail/CC383625320J40596189809.htm,大众点评作为国内重要的本地生活消费决策参考平台，多年来深耕本地生活消费领域，深受广大用户的信任和喜爱。我们的业务覆盖了吃喝玩乐游购娱等生活场景，通过极具辨识度和公信力的”星级“和”评价“产品，为数亿用户提供了全面、可信的消费决策依据。为更好满足用户探索城市的需求，大众点评在原有星级和评价的基础上，以信息流产品形式，助力用户发现更多好去处。大量优秀年轻同学的加入，为我们的团队注入了澎湃活力。我们相信...,,
国央企客户运营经理,帆软软件有限公司,2万-2.8万,上海,3-5年,本科,1000-9999人,民营,计算机软件,http://www.zhaopin.com/jobdetail/CC821875130J40601954403.htm,工作职责：（1）负责一个或多个央国企体系客户运营，结合体系情况自主设计体系运营目标，实现规模增长（2）负责央国企体系客户机会点洞察，输出运营策略和打法，推动机会点转化（3）负责央国企体系客户战役组织与执行，拆解战役任务并跨部门协同主责人，推动战役高效执行落地（4）负责央国企体系客户重点客户攻坚，协调公司资源投入，并深入一线作战协助关单（5）负责央国企体系客户业务数据分析，通过数据发掘运营切入点，推...,,13薪
程序化广告运营,诺斯人力资源服务(深圳)有限公司,1.5万-2.5万,上海,3-5年,大专,20-99人,外商独资,人力资源服务,http://www.zhaopin.com/jobdetail/CCL1409866310J40693964210.htm,岗位职责：1.负责DSP客户日常运营工作；2.充分理解客户需求，并深挖客户需求点，制定优化策略；3.分析数据，并从中找出改善部分，制定解决方案，推动业务增长；4.与客户保持并建立稳定的沟通机制；5.对接媒介、产品、技术团队，推进公司现有广告业务的技术落地；6.制作周期性分析报告和总结报告。 任职资格: 1.了解RTB广告竞价原理，有SSP的流量运营能力； 2.有3年以上程序化媒体运营相关经验； 3...,,
医美行业运营/医美品类运营,北京三快在线科技有限公司,面议,上海,3-5年,本科,1000-9999人,上市公司,互联网,http://www.zhaopin.com/jobdetail/CC383625320J40628835309.htm,美团到综事业部涵盖洗浴、足疗按摩、KTV、密室剧本娱乐、运动健身、宠物、酒吧、丽人、医美医疗、教育培训、亲子、结婚、家居、家政洗涤维修等数十个重点生活服务细分行业。我们为近200个本地生活服务行业提供营销、经营等数字化服务，链接本地消费需求和本地商家优质服务，搭建信息和交易平台，并提供高质量的履约服务保障。我们通过将信息及服务的线上化和标准化，为用户提供更多美好生活方式的选择，帮助商户在平台上更好...,免费健身,
社群运营,上海协进共生数字科技有限公司,8千-1万,上海,经验不限,本科,100-299人,民营,培训/辅导服务,http://www.zhaopin.com/jobdetail/CC000643560J40382225503.htm,岗位职责：1、负责用户社群架构和载体的搭建与运营；2、负责微信社群的规划以及执行，整体负责社群内容，社群氛围的营造，打造高粘性的社群；3、持续挖掘用户需求，探索更好满足用户需求的运营机制，整合内外部各种资源，通过持续不断的运营手段，提升关注用户的活跃度和粘度；4、核心用户的挖掘和互动，维系社群活跃度，与用户互动和保持联系，制造感兴趣的话题；5、深挖社群用户需求，定期组织有效培训；6、与社群会员保持...,"五险一金,绩效奖金,年终分红,带薪假期,节日慰问",
产品经理,鸣志电器,1万-1.5万,上海,3-5年,本科,1000-9999人,上市公司,电气机械/电力设备,http://www.zhaopin.com/jobdetail/CC205033610J40582512809.htm,岗位职责:1、对于国贸和集团的客户群体，引进日本有竞争力的产品；2、负责对产品线进行管理，不定期维护原厂的关系；3、就所负责的产品线，积极调研国内市内的需求；4、能协同并帮助销售人员进行市场的开发工作。 任职要求:1、本科毕业，日语1级，听说读写流畅，有3年以上和日语相关的工作；2、从事过元器件产品经理类的工作，负责海外（特别是日本）的器件产品线，或者在一些制造企业或者贸易公司，做过相关的日企供应...,,14薪
小象超市-南京PC仓运营主管,北京三快在线科技有限公司,面议,上海,3-5年,大专,1000-9999人,上市公司,互联网,http://www.zhaopin.com/jobdetail/CC383625320J40615475909.htm,小象超市为美团自营零售业务，定位为社区居民的“30分钟快送超市”，采用“手机App+线下服务站”的模式，通过在社区设立的集存储、分拣、配送为一体的便民服务站，为社区居民提供生鲜食杂日用及配送服务。目前，小象超市已在北京、上海、深圳、广州、武汉、苏州、杭州等多个城市上线。在美团“零售+科技”战略聚焦下，小象超市承载着“深耕即时零售，提升消费体验”的任务，是公司在线上零售探索的核心业态之一，给一二线城...,,
PM-产品线经理,上海域驱科技有限公司,1.3万-2.3万,上海,1-3年,本科,20人以下,民营,电子/半导体/集成电路,http://www.zhaopin.com/jobdetail/CCL1479780590J40505327004.htm,岗位职责： 1、对产品的了解及相关技术的学习，了解产品的整个市场情况； 2、负责公司代理汽车电子业务的市场推广和管理，制定相关市场策略； 3、维持与供应商各层面人员的良好关系； 4、协调原厂及公司内部相关资源，实现对客户的支持，为客户提供完善的解决方案； 5、及时掌握原厂、竞争对手及行业趋势、动态，结合产品线，提出建议； 6、挖掘销售机会，开发推广有潜力的市场，并紧密地与销售及其他团队配合，具备良...,,13薪
海外社交媒体运营经理（FB/IG/TICTOK),上海慧姿化妆品有限公司,1.2万-1.8万,上海,1-3年,本科,100-299人,合资,快速消费品,http://www.zhaopin.com/jobdetail/CC548330821J00578950903.htm,岗位职责： 1、 负责公司客户海外社交平台账户DE 建设、运营及粉丝关系维护； 2、负责Facebook、Twitter、 Instgram、YouTube、TK等主流海外社交媒体的运营策划发布工作，有独立创作内容输出、策划活动的能力； 3、与粉丝建立良好关系，挖掘潜在客户需求，并帮助潜在客户答疑解惑，通过各类新媒体渠道对用户进行引导并引流至相关社交账号； 4、善于数据分析，结合数据策划线上推广方...,"有餐补,提成,五险一金,绩效奖金,通讯补助,带薪假期,周末双休,全勤奖",
闪购-品牌-生态培训,北京三快在线科技有限公司,面议,上海,1-3年,本科,1000-9999人,上市公司,互联网,http://www.zhaopin.com/jobdetail/CC383625320J40668463609.htm,"美团闪购是美团旗下的即时零售平台，依托即时配送能力，连接本地零售供给，满足消费者30分钟万物到家的即时需求。美团闪购涵盖超市便利、食材、水果、鲜花绿植、休闲零食、酒水饮料、数码家电、美妆个护、母婴玩具、日用百货、服饰鞋帽、宠物等诸多品类，业务覆盖全国近3,000个县市区旗，每日百万级在岗骑手，以高效的配送、丰富的品类和广泛的覆盖，为美团数亿用户带来便捷的生活体验，积极助力实体零售线上化转型，提升本...",下午茶,
to c 电商运营负责人,上海喜宝供应链管理有限公司,2万-4万,上海,5-10年,本科,100-299人,合资,互联网,http://www.zhaopin.com/jobdetail/CC159424710J40632280516.htm,岗位职责： 1. 业务筹备与规划：根据公司服装业务（空白及印花类型的T 恤、卫衣和 polo 衫等）发展规划和目标，制定面向C端电商业务的整体规划；包括在自主开设C端店铺（如抖音快手、阿里系、京东、唯品会、拼多多等各类平台的零售及直播）和 与外部电商零售企业供货合作或业务孵化、私域社群运营等业务线； 2. 自营店铺的开设及运营管理：制定业务规划布局及运营计划，建立个平台及渠道自营C端业务渠道，明确...,,
内容主管（数字院线）,上海大世界文化运营有限公司,1.1万-1.5万,上海,1-3年,本科,20-99人,国企,文化艺术/娱乐,http://www.zhaopin.com/jobdetail/CC464655280J40800128215.htm,岗位职责：以商务合作思维协助项目负责人做内容产品开发，通过定制化频道内容寻求商务合作，并完成数字院线内容规划建设，主要工作职责如下：1、基于大世界数字院线社区点位的经营性产品架构设计及拓展2、衔接各地城市文商旅需求的产品设计和商务拓展；3、红色文化的内容矩阵方案设计4、对专属对象群体定制化频道内容的创新设计和策划5、院线产品方案策划、文案包装编辑6、沟通需求方和执行方，完成院线片库内容矩阵规划、设...,,
用户增长专家,北京三快在线科技有限公司,面议,上海,3-5年,本科,1000-9999人,上市公司,互联网,http://www.zhaopin.com/jobdetail/CC383625320J40670068209.htm,美团金融服务平台成立于2016年，以“场景+金融”模式，携手合作伙伴构建开放生态，为美团平台用户和商户提供底层账户、支付通道、信贷、保险和理财等金融解决方案。我们致力于以科技为核心，助力金融机构打通金融普惠“最后一公里”。我们期待与大家共同完成每一件平凡而卓越的事情，一起为用户提供优质的产品体验，守护用户的资金安全，让生活变得更美好。岗位职责1.负责美团借贷产品的用户增长运营，对渠道拉新相关指标负...,,
私域运营经理（base：上海）,上海象冠医药信息咨询有限公司,1万-1.2万,上海,3-5年,大专,20-99人,民营,医药制造,http://www.zhaopin.com/jobdetail/CCL1388818180J40684196602.htm,岗位职责： 负责公司私域流量的策划、运营和管理，制定并执行小程序的推广策略。 根据公司产品和业务需求，制定私域运营策略和计划，提高用户粘性和活跃度。 负责私域内容的策划、编辑和发布，确保内容质量和传播效果。 跟踪和分析私域运营数据，持续优化运营策略，提高运营效果。 负责私域用户的维护和管理，解答用户疑问，收集用户反馈，协助产品和技术团队进行产品优化。 关注用户的行为数据和反馈信息，通过数据分析，深...,,
产品开发总监,上海聚里科技有限公司,3万-6万,上海,5-10年,本科,20人以下,港澳台公司,电子设备制造,http://www.zhaopin.com/jobdetail/CCL1486151750J40693390607.htm,一、岗位职责：1、负责公司产品需求分析，深度分析产品的应用场景，梳理所有功能、场景需求；2、负责产品的产品定义；负责产品策略及实施路径，Roadmap 的制定；3、领导产品的设计工作，负责产品开发进度，确保产品按时交付，并对开发过程中出现的问题进行及时协调解决。4、组织对产品的测试，包括功能测试、性能测试、安全测试等，确保产品质量稳定可靠。5、协调解决跨部门合作中出现的问题，推动项目的顺利进行。6...,,
大客户品牌经理,北京三快在线科技有限公司,面议,上海,1-3年,本科,1000-9999人,上市公司,互联网,http://www.zhaopin.com/jobdetail/CC383625320J40647718309.htm,美团到餐事业部拥有美团历史悠久的餐饮团购业务，聚焦美团“零售+科技”战略，为数以万计的餐饮商户提供一站式营销服务，为广大消费者提供优质的消费体验。我们帮助餐饮商户沉淀口碑、获取用户、增加复购等，持续提升商户数字化经营水平，同时秉承着“帮大家吃得更好，生活更好”的使命，面向消费者提供丰富的产品和服务，帮助消费者更好地作出消费决策。我们有高效成熟的管理体系，还将为你提供全面的人才培养机制和广阔的成长空...,,
Saucony 商品企划经理（鞋）,特步（中国）有限公司,2万-3.5万,上海,5-10年,本科,1000-9999人,上市公司,耐用消费品,http://www.zhaopin.com/jobdetail/CC138042300J40651872510.htm,岗位职责:岗位职责：1、负责承接鞋产品企划端的思路与策略。密切关注流行趋势、消费者需求、与竞争品牌动态。结合市场讯息，反馈终端需求；2、基于年度经营目标和品类销售数据，进行品类生意结构的年度规划、跟进与管理；3、根据品类的销售周期，合理规划新、老货品的上市节奏，满足零售终端、EC对货品的需求。按（分各个地域、渠道）品类生命周期，以及生意需求，测算产品的排产量、加单量与滚动开发需求，合理规划买货预算...,,14薪
动漫商品类目采购&供应链生产主管/经理,北京中信书店有限责任公司,1.3万-1.8万,上海,1-3年,本科,500-999人,国企,零售/批发,http://www.zhaopin.com/jobdetail/CC419477310J40714871605.htm,一、劳动用工标准1.用工性质：中信书店本部正式编制；2.合同期：首次合同3年以上；3.试用期：6个月。入职1-3个月按合同工资标准的80%发放，入职第4个月起按合同工资的100%发放。二、福利待遇1.六险二金（保险实缴、公积金12%、补充医疗、企业年金）及其他商业保险、年度体检；2.工会福利：年节日、员工生日，全年福利合计不低于2400元；3.员工茶歇120元/月；4.其他福利。三、薪酬范围：1、...,"正式编制,六险二金,补充医疗保险,企业年金,体检福利,绩效奖金,有餐补",
医疗行业运营专家,北京三快在线科技有限公司,面议,上海,5-10年,本科,1000-9999人,上市公司,互联网,http://www.zhaopin.com/jobdetail/CC383625320J40662489109.htm,美团医药健康事业部是美团核心本地商业板块下专注健康领域的业务部门，涵盖美团买药、美团医美和美团医疗三大业务。自创立以来，美团医药健康致力于为用户提供全健康周期产品及服务，满足人民群众多层次多元化医疗健康需求，现已覆盖购药到家、居家检测、问诊挂号、医保支付、求医寻院、医疗美容等核心场景。此外，美团医药健康还为商户提供数字化转型创新解决方案，打造贯穿上游的联动机制，长期参与共建更透明、更可持续的医药健...,,
广告运营经理,上海两桥人力资源管理有限公司,1.2万-1.6万,上海,经验不限,本科,20人以下,民营,人力资源服务,http://www.zhaopin.com/jobdetail/CCL1399836270J40661178212.htm,"职位描述：1、负责海外地区广告客户的开拓与潜力客户的扶持工作，对Line、SmartNews，Yahoo等海外广告媒体平台进行销售推广，完成既定业绩指标；2、发掘潜在客户,与意向客户进行沟通，与相关部门合作制定并完成推广方案，进行商务接洽、谈判、追踪及签约，收取销售回款；3、负责老客户回访及相关客户关系维护工作，了解、掌握客户需求，收集一线产品信息与意见，促进长期合作并拓展新客户资源；4、向客户提...",,13薪
批发B2B电商助理经理,上海依视路光学有限公司,2万-3万,上海,5-10年,本科,1000-9999人,外商独资,耐用消费品,http://www.zhaopin.com/jobdetail/CC000191270J40604306515.htm,"岗位职责：Sales：销售：• Daily management with frame brand E-WHS customers. (Business review, promotion or activity monitor, etc.)负责公司镜架品牌的电商客户日常管理（定期生意回顾、促销活动追踪、价格管理等）• Developing E-WHS channel policy and aut...",,
区域供需策略,北京三快在线科技有限公司,面议,上海,3-5年,本科,1000-9999人,上市公司,互联网,http://www.zhaopin.com/jobdetail/CC383625320J40671451709.htm,美团配送是以科技为内核的即时物流品牌，利用高效、稳定、广阔的配送网络和前沿科技能力为各行业客户提供涵盖商流物流一体化、流量赋能、行业定制化即时配送、末端配送、前置仓等服务在内的全方位同城物流综合解决方案。作为科技创新和智慧物流的实践者，美团配送在人工智能（AI）、5G应用、物联网（IoT）、云计算等多维度不断探索科创蓝海，让同城物流进入数智化时代。美团配送在IoT智能设备、外卖柜、换电网络、无人配...,,
电线产品运营经理 -北新建材龙牌集团,北新建材(天津)有限公司,1万-2万,上海,3-5年,大专,1000-9999人,国企,建材,http://www.zhaopin.com/jobdetail/CC470184110J40592136508.htm,岗位职责1、调研区域内业务体系、代理渠道体系的ODM产品需求，掌握区域内行业和制造企业的生产制造及销售信息；2、负责此专项品类在区域内的供应链体系寻源及管理工作，建立专项产品的供应商选择、评定、采购及管理工作；3、根据业务销售需求，做营销服务支持工作，包括销售资料编制、制定培训计划、大客户销售支持等；4、对所采购物资的过程监管，确保各项物资在规格、质量、标准等方面符合客户要求；5、及时掌握材料市场...,,
私域运营主管,上海晶粹食品有限公司,1.2万-2万,上海,3-5年,本科,500-999人,民营,快速消费品,http://www.zhaopin.com/jobdetail/CC227423130J40749454215.htm,1. 负责整个私域平台的管理，以销售目标为最终导向，对销量负责，有全局性。从0到1搭建品牌会员体系，制定品牌整体的会员运营策略、规则，设计会员相关权益和积分规则等，并落地实施2.会员成长体系规划及落地执行：利用有效运营手段多渠道拉动新客、激活及活跃会员；根据会员体系定位及运营策略，规划会员成长体系，不断对会员招募、转化、留存机制进行迭代3.会员运营规划及落地执行：负责会员分层运营，精细化管理（包括...,,
搜索产品运营专家-上海,北京三快在线科技有限公司,面议,上海,1-3年,本科,1000-9999人,上市公司,互联网,http://www.zhaopin.com/jobdetail/CC383625320J40671752109.htm,美团平台为用户的基础产品体验负责，还承担了美团的用户增长、市场和品牌营销、前端技术基础设施建设以及多条业务线的产品设计职责，建立了融合文字、图片、视频和直播等不同形式的內容生态系统，同时整合地图服务部、客户服务和体验部、企业业务部、网约车业务部等部门，致力于用科技提升美团数亿消费者、近千万商家、骑手、司机和团长的服务体验。美团平台拥有高并发、多业务的复杂场景，为技术深度优化提供了最佳实践可能。这里...,,
Marketing Executive,上海吉秀信息科技有限公司,2万-2.5万,上海,3-5年,本科,20人以下,外商独资,互联网,http://www.zhaopin.com/jobdetail/CC504221130J40681321513.htm,"Job Overview We are seeking a dynamic and results-driven Marketing Executive to join our team. This role requires good implementation skills, creativity and a proven track record in digital marketing....",,
国际供应链运营(J15124),震坤行工业超市(上海)有限公司,2万-2.5万,上海,经验不限,硕士,1000-9999人,合资,互联网,http://www.zhaopin.com/jobdetail/CC000527960J40797057715.htm,岗位职责:1.制定全球范围内的采购计划并执行，监控备货及产品到货进度，及时调整采购计划2.进行库存管理。建立完善的全球库存管理能力和系统功能，优化库存结构，降低库存成本，实时监控库存水平，避免缺货或积压。3.全球发运计划制定与执行。规划产品的发运计划，选择合适的运输方式，制定最优的运输路线，跟进每一票货物到目的地国家仓库之后的库存状态。4.供应商及订单管理、售后管理。负责全球供应商产品采购的全过程...,,16薪
品牌运营Leader（商业增值）,北京三快在线科技有限公司,面议,上海,5-10年,本科,1000-9999人,上市公司,互联网,http://www.zhaopin.com/jobdetail/CC383625320J40605218009.htm,美团到综事业部涵盖洗浴、足疗按摩、KTV、密室剧本娱乐、运动健身、宠物、酒吧、丽人、医美医疗、教育培训、亲子、结婚、家居、家政洗涤维修等数十个重点生活服务细分行业。我们为近200个本地生活服务行业提供营销、经营等数字化服务，链接本地消费需求和本地商家优质服务，搭建信息和交易平台，并提供高质量的履约服务保障。我们通过将信息及服务的线上化和标准化，为用户提供更多美好生活方式的选择，帮助商户在平台上更好...,免费健身,
OTD产品经理,上海睿沃信息科技有限公司,2万-3万,上海,5-10年,本科,20-99人,民营,IT服务,http://www.zhaopin.com/jobdetail/CC194212020J40854976504.htm,熟悉汽车行业，具备较深的行业理解。具有整车OTD的相关经验，熟悉车辆从订单、排产、物流、交付的全流程1。计算机与通讯相关专业，信息化系统产品或项目任一岗位3年及以上工作经验，汽车行业信息数字化建设及服务运维相关工作经验优先2。良好的沟通协调能力、团队合作精神和责任心其他可能的技能要求，如熟悉软件工程和项目管理的方法流程、具备较强的业务理解及梳理分析能力、精通相关办公软件等,,
主任/高级中后端工程师（DFT设计）,比亚迪股份有限公司,2万-4万,上海,5-10年,本科,10000人以上,民营,汽车研发/制造,http://www.zhaopin.com/jobdetail/CC132962990J40544227002.htm,岗位职责1）sys及模块级别DFT设计2）和负责TOP的DFT工程师合作，开发DFT流程3）和sys级及模块及工程师合作，规划sys级别dft结构4）和中后端工程师合作，解决sdc及时序问题任职要求1）本科及以上学历；2）5年以上DFT工作经验，具有超大规模芯片DFT工作经验；3）精通mentor或者synopsys dft工具4）具有先进工艺及项目工作经验.,,
特价团购-供给运营策略,北京三快在线科技有限公司,面议,上海,1-3年,本科,1000-9999人,上市公司,互联网,http://www.zhaopin.com/jobdetail/CC383625320J40514422409.htm,美团的使命是“帮大家吃得更好，生活更好”，公司聚焦“零售 + 科技”战略，和广大商户与各类合作伙伴一起，努力为消费者提供品质生活，推动商品零售和服务零售在需求侧和供给侧的数字化转型。2018年9月20日，美团正式在港交所挂牌上市。美团将始终坚持以客户为中心，不断加大在科技研发方面的投入，更好承担社会责任，更多创造社会价值，与广大合作伙伴一起发展共赢。岗位职责1、 深入理解所负责品类的商业模式，分析...,,
SRM供应商管理软件 销售代表,精诚中国,7千-1.3万,上海,1-3年,大专,300-499人,外商独资,计算机软件,http://www.zhaopin.com/jobdetail/CC526391520J40434046007.htm,"【工作内容】： 1、负责供应链软件产品（SRM）的销售。 2、结果导向, 完成业务目标。 3、负责销售工作推进的全过程 (商务谈判、合同签订、验收、收款与售后服务等) , 了解与挖掘客户需求, 实现客户愿望, 促成成交。 4、做好客户关系的持续深入经营, 定期回访, 建立稳定的客户关系。 5、即时掌握市场讯息与竞争对手舆情。 【岗位要求】： 1、大专及以上学历，专业不限。 2、有销售ERP、SCM...",,
供应链产品经理,阿伽科技(上海)有限公司,1.4万-2.5万,上海,3-5年,本科,20人以下,民营,企业服务,http://www.zhaopin.com/jobdetail/CCL1233675410J40614457311.htm,我们是一家以数据驱动为核心，整合企业内外部数据，为企业提供数据智能决策分析服务，同时以专业的分析算法提供从销售预测到供应链优化解决方案的供应链计划数字化综合服务公司。我们的服务范围涵盖销售预测、生产计划与排程、产销协同、供应链网络布局规划、库存管理优化等。目前公司已有多个大型集团公司客户。创始团队来自美国麻省理工学院(MIT)、美国北卡州立大学（NCSU）、浙江大学、阿里等。 岗位职责： 1. 供...,"绩效奖金,大牛带队",13薪
用户运营专家（到综行业）,北京三快在线科技有限公司,面议,上海,3-5年,本科,1000-9999人,上市公司,互联网,http://www.zhaopin.com/jobdetail/CC383625320J40568516309.htm,美团的使命是“帮大家吃得更好，生活更好”，公司聚焦“零售 + 科技”战略，和广大商户与各类合作伙伴一起，努力为消费者提供品质生活，推动商品零售和服务零售在需求侧和供给侧的数字化转型。2018年9月20日，美团正式在港交所挂牌上市。美团将始终坚持以客户为中心，不断加大在科技研发方面的投入，更好承担社会责任，更多创造社会价值，与广大合作伙伴一起发展共赢。岗位职责1、对综发业务拉新和复购负责，调研/分析...,,
谷歌SEO经理,小西科技(南京)有限责任公司,2万-3.5万,上海,5-10年,本科,300-499人,民营,互联网,http://www.zhaopin.com/jobdetail/CCL1243857490J40638031001.htm,岗位职责：1、 负责公司英文网站推广管理、团队管理，带领团队实施seo优化方案；2、 制定整体SEO策略并监督执行，持续观察分析主流搜索引擎收录和排名规则，不断调整完善SEO实施方案，确保SEO效果达成；3、定期跟踪、分析、总结SEO效果；通过数据分析及数据挖掘手段对网站进行持续分析和改进优化；4、不断拓展和建立更多的网络推广渠道；5、市场竞争分析，竞争对手产品形态、模式、发展趋势以及业内动态分析...,,14薪
电线产品运营经理 -北新建材龙牌集团,北新建材(天津)有限公司,1万-2万,上海,3-5年,大专,1000-9999人,国企,建材,http://www.zhaopin.com/jobdetail/CC470184110J40639819108.htm,岗位职责1、调研区域内业务体系、代理渠道体系的ODM产品需求，掌握区域内行业和制造企业的生产制造及销售信息；2、负责此专项品类在区域内的供应链体系寻源及管理工作，建立专项产品的供应商选择、评定、采购及管理工作；3、根据业务销售需求，做营销服务支持工作，包括销售资料编制、制定培训计划、大客户销售支持等；4、对所采购物资的过程监管，确保各项物资在规格、质量、标准等方面符合客户要求；5、及时掌握材料市场...,,
品类运营负责人,北京三快在线科技有限公司,面议,上海,3-5年,本科,1000-9999人,上市公司,互联网,http://www.zhaopin.com/jobdetail/CC383625320J40618210109.htm,小象超市为美团自营零售业务，定位为社区居民的“30分钟快送超市”，采用“手机App+线下服务站”的模式，通过在社区设立的集存储、分拣、配送为一体的便民服务站，为社区居民提供生鲜食杂日用及配送服务。目前，小象超市已在北京、上海、深圳、广州、武汉、苏州、杭州等多个城市上线。在美团“零售+科技”战略聚焦下，小象超市承载着“深耕即时零售，提升消费体验”的任务，是公司在线上零售探索的核心业态之一，给一二线城...,,
CVS策略部高级主管,内蒙古蒙牛乳业(集团)股份有限公司,1.5万-2万,上海,经验不限,本科,10000人以上,国企,农/林/牧/渔,http://www.zhaopin.com/jobdetail/CC000605800J40543840013.htm,1.完成公司下达的重点便利渠道业绩指标；制定客户年度生意发展规划，并落实追踪执行情况；2.负责所有便利渠道客户标准化管理：必备SKU、货架份额、陈列达成、价格体系、生动化等；3.负责与重点便利渠道客户开展品类管理项目试点与推广；4.负责便利渠道营销规划，结合系统、到家平台及品牌的营销日历及KA体系及集团年度的核心资源实现方案向零售系统的方案落地5.负责便利渠道行销标准化统筹及落地工作6.完成公司要...,,
商品总监（上海）,信泰（福建）科技有限公司,4万-5万,上海,10年以上,本科,1000-9999人,民营,耐用消费品,http://www.zhaopin.com/jobdetail/CC505759420J40694421415.htm,岗位职责：1） 制定和执行公司商品战略，确保与公司整体战略目标一致。 2） 商品生命周期管理，包括产品规划、开发、定价、市场推广和淘汰。 3） 分析市场趋势和竞争对手，提供市场洞察和建议。 4） 协调跨部门团队（如市场、销售、设计）提供解决方案，以确保产品成功推出和销售。 5） 监控商品销售表现，制定相应的改进和优化策略。 6） 管理和培训商品团队，提高团队工作效率和专业能力。任职要求：1） 本科...,,15薪
医疗行业运营,北京三快在线科技有限公司,面议,上海,3-5年,本科,1000-9999人,上市公司,互联网,http://www.zhaopin.com/jobdetail/CC383625320J40662486609.htm,美团医药健康事业部是美团核心本地商业板块下专注健康领域的业务部门，涵盖美团买药、美团医美和美团医疗三大业务。自创立以来，美团医药健康致力于为用户提供全健康周期产品及服务，满足人民群众多层次多元化医疗健康需求，现已覆盖购药到家、居家检测、问诊挂号、医保支付、求医寻院、医疗美容等核心场景。此外，美团医药健康还为商户提供数字化转型创新解决方案，打造贯穿上游的联动机制，长期参与共建更透明、更可持续的医药健...,,
高级销售经理（国产化半导体平台）福利优厚,无锡市同芯恒通科技有限公司,1万-2万,上海,1-3年,大专,20-99人,民营,电子/半导体/集成电路,http://www.zhaopin.com/jobdetail/CC565583520J40729057815.htm,1、负责公司电子元器件产品的销售及推广，完成部门销售指标；2、负责开拓市场，发展新客户，维护老客户，增加产品销售范围；3、通过现场拜访收集市场、客户、项目、竞争对手的信息并进行分析；4、维护及增进已有客户关系，同时开发新客户，建立新的客户关系；5、负责向客户讲解产品的优势及卖点，识别客户在用产品痛点，解决客户问题；6、完成领导交办的其他工作任务。任职资格1 、学历 ：统招大专及以上理工科；2 、工...,"五险一金,带薪假期,出差补贴,包住,定期团建",
零售运营经理,上海宁财贸易有限公司,6千-8千,上海,3-5年,中专/中技,20-99人,民营,零售/批发,http://www.zhaopin.com/jobdetail/CC640905120J40674939609.htm,岗位内容：1. 管理公司的日常业务运营，包括财务、人力资源、客户服务和销售等方面。2. 制定和实施流程和政策以提高效率和生产力。3. 监督公司的各个指标并提供分析报告以优化业务流程。4. 参与跨部门协作以推动公司目标的实现。5. 改进公司工作流程和业务流程，提高客户满意度和业务利润。任职要求：1. 具有优秀的领导力和团队管理能力，能够激励和引导下属开展工作；2. 熟练掌握公司运营所需的各种工具和软...,,
医美KA商家运营（营销策略方向）,北京三快在线科技有限公司,面议,上海,1-3年,本科,1000-9999人,上市公司,互联网,http://www.zhaopin.com/jobdetail/CC383625320J40682950409.htm,美团医药健康事业部是美团核心本地商业板块下专注健康领域的业务部门，涵盖美团买药、美团医美和美团医疗三大业务。自创立以来，美团医药健康致力于为用户提供全健康周期产品及服务，满足人民群众多层次多元化医疗健康需求，现已覆盖购药到家、居家检测、问诊挂号、医保支付、求医寻院、医疗美容等核心场景。此外，美团医药健康还为商户提供数字化转型创新解决方案，打造贯穿上游的联动机制，长期参与共建更透明、更可持续的医药健...,,
电子元器件产品经理-鸿远泽通（上海）,北京元六鸿远电子科技股份有限公司,7千-1.2万,上海,1-3年,大专,500-999人,民营,电子/半导体/集成电路,http://www.zhaopin.com/jobdetail/CC120931980J40593937603.htm,岗位职责：1、分析被动电子元器件行业发展趋势，挖掘潜在客户，扩大公司代理产品在行业中的占有率。2、分析竞争对手在行业中的优弱势，进行竞争分析，提出竞争对策。3、配合部门制定产品推广计划，落实产品推广细则。4、协助销售人员提高产品知识和销售技能，结合市场变化、竞争格局和客户需求，给出针对性建议。5、了解当前市场环境和行业动态，具有前瞻性思维和商业敏感度。 任职资格：1、大专及以上学历，电子行业相关专...,,
跨境电商专员（工业品、大连双骥科技）,东海耀碳素(大连)有限公司,8千-1.5万,上海,3-5年,本科,100-299人,合资,金属制品业,http://www.zhaopin.com/jobdetail/CC247279220J40695692715.htm,岗位职责：1.负责公司产品（铸件、刀片和石墨）在海外市场的社交媒体账号的日常运营和管理，包括但不限于Facebook、Twitter、Instagram、LinkedIn等。2.根据公司战略，制定并执行海外社交媒体营销计划，提高产品知名度和关注度。3.负责撰写和发布有吸引力的社交媒体内容，包括文案、图片、视频等，与目标客户建立良好互动。4.监测并分析社交媒体数据，定期汇报运营情况，不断优化运营策略...,,
蔬菜商品运营专家-上海,北京三快在线科技有限公司,面议,上海,1-3年,本科,1000-9999人,上市公司,互联网,http://www.zhaopin.com/jobdetail/CC383625320J40618744309.htm,小象超市为美团自营零售业务，定位为社区居民的“30分钟快送超市”，采用“手机App+线下服务站”的模式，通过在社区设立的集存储、分拣、配送为一体的便民服务站，为社区居民提供生鲜食杂日用及配送服务。目前，小象超市已在北京、上海、深圳、广州、武汉、苏州、杭州等多个城市上线。在美团“零售+科技”战略聚焦下，小象超市承载着“深耕即时零售，提升消费体验”的任务，是公司在线上零售探索的核心业态之一，给一二线城...,,
新品开发经理,上海妆尚生物科技有限公司,8千-1.2万,上海,3-5年,本科,20-99人,民营,快速消费品,http://www.zhaopin.com/jobdetail/CC881324620J00576541607.htm,岗位职责：1、 具有能够独立完成实施产品开发的能力，并对新开发产品提出相关的论证；2、 根据市场变化，收集相关产品的资料，制定新产品的开发计划，对确定方案后并执行；3、 负责对产品的成份进行合理化建议、效果评估、对配方进行优化的要求；4、 负责对产品的外观和成份进行统筹规划，确保新产品上市的顺利进行；5、 熟悉政府相关部门的检测、报备案流程；6、 负责代工厂或研发部门的沟通；7、 负责化妆品的编号...,"五险一金,年终奖,绩效奖金,全勤奖",
产品线经理,润欣科技,1.5万-1.8万,上海,3-5年,本科,100-299人,民营,计算机硬件,http://www.zhaopin.com/jobdetail/CC000401290J40642153401.htm,"岗位职责：1. 负责对接公司代理的品牌线，对所负责的产品线有较深刻认识，针对整个市场情况，有明确的市场策略；2. 紧密地与Sales、FAE配合，了解各地客户的情况，完成公司业绩指标；3. 根据市场价格的变化拟制报表,管理库存，按时完成各种工作报告及领导分配的任务；4. 维持与供应商各层面人员的良好关系；5. 了解供应商的状况，如市场政策、代理商政策、产品信息、人事情况；6. 将有关信息及时传递给...",,13薪
闪购-自有品牌产品开发专家,北京三快在线科技有限公司,面议,上海,3-5年,本科,1000-9999人,上市公司,互联网,http://www.zhaopin.com/jobdetail/CC383625320J40679343709.htm,"美团闪购是美团旗下的即时零售平台，依托即时配送能力，连接本地零售供给，满足消费者30分钟万物到家的即时需求。美团闪购涵盖超市便利、食材、水果、鲜花绿植、休闲零食、酒水饮料、数码家电、美妆个护、母婴玩具、日用百货、服饰鞋帽、宠物等诸多品类，业务覆盖全国近3,000个县市区旗，每日百万级在岗骑手，以高效的配送、丰富的品类和广泛的覆盖，为美团数亿用户带来便捷的生活体验，积极助力实体零售线上化转型，提升本...",下午茶,
Marketing（信号链）,北京泽盛人力资源管理有限公司,3万-6万,上海,3-5年,本科,20-99人,,人力资源服务,http://www.zhaopin.com/jobdetail/CCL1437183680J40801747715.htm,"工作内容：1、调研汽车市场信号链，高边产品，无刷马达驱动的需求，综合TAM分析和竞争分析，提出新产品建议。2、和产品线一起确认客户的基本参数要求，完成产品定义并内部推动新产品开发。3、新产品推广，驱动公司内部资源，推动新产品的design in,并考核FAE团队的新产品design-in/design win。4、热点应用总结，产生新品应用PPT，开发新市场，推动销售团队专注热点市场和应用。5、竞...",,
大客户运营（广告效果投放）,博彦科技承德有限公司,1.6万-1.7万,上海,3-5年,大专,1000-9999人,股份制企业,IT服务,http://www.zhaopin.com/jobdetail/CC637366030J40632265706.htm,职位描述1、负责商业化KA大客户服务，准确识别客户需求与平台产品契合机会，制定客户全产品路径解决方案并推进落地，产品包括但不限于信息流、直播、私信等；2、 大客户效果广告投放策略制定并落地，包括但不限于投放指导、产品培训、优化策略、效果跟进、数据分析、日常账户管理等，维护客户关系，对客户收入负责；3、 通过数据总结产品运营现状，有的放矢的发现/提出问题解决方案并推动落地；4、 不断探索、总结行业玩...,,
内容运营专家（泛生活品类）,北京三快在线科技有限公司,面议,上海,1-3年,本科,1000-9999人,上市公司,互联网,http://www.zhaopin.com/jobdetail/CC383625320J40641957309.htm,大众点评作为国内重要的本地生活消费决策参考平台，多年来深耕本地生活消费领域，深受广大用户的信任和喜爱。我们的业务覆盖了吃喝玩乐游购娱等生活场景，通过极具辨识度和公信力的”星级“和”评价“产品，为数亿用户提供了全面、可信的消费决策依据。为更好满足用户探索城市的需求，大众点评在原有星级和评价的基础上，以信息流产品形式，助力用户发现更多好去处。大量优秀年轻同学的加入，为我们的团队注入了澎湃活力。我们相信...,,
电商运营主管/经理 (pc/3c/数码）,上海能良电子科技有限公司,1.2万-2.2万,上海,3-5年,大专,500-999人,上市公司,互联网,http://www.zhaopin.com/jobdetail/CC637353830J40660483809.htm,职位描述岗位职责1、负责线上店铺运营管理；2、供应商管理：与供应商建立良好的合作关系，制定合理的采购计划，实现成本控制和质量保证；3、协助部门领导完成店铺的整体规划、营销、推广、客户关系维护等系统经营性工作；4、负责店铺日常改版策划、上架、推广、销售、账单跟进，售后服务等日常运作；/5与各电商平台对接运营负责人做好日常关系维护，最大化争取活动资源位；岗位要求：1、本科学历，自考本科也可以；2、具有...,,
B站信息流广告运营主管,广东钰顺数字科技有限公司,1.4万-1.8万,上海,1-3年,本科,100-299人,民营,人力资源服务,http://www.zhaopin.com/jobdetail/CCL1419120480J40646859816.htm,岗位职责：1、负责头部3C品牌客户客户的信息流媒体投放及统筹工作，以B站渠道为主，头条和广点通业务为辅；2、根据投放推广策略，搭建和操作推广账户；监控实时成交等数据，对广告投放效果负责；3、熟练使用媒体工具达到控本提效的目的；4、研究和监控竞争对手的做法和媒体的变化，及时提出调整方案。任职要求：1、本科以上学历，2年以上B站媒体投放经验，有品牌+效果广告经验优先；2、具备良好的数据分析能力和优化能...,,
商品开发专家,北京三快在线科技有限公司,面议,上海,3-5年,本科,1000-9999人,上市公司,互联网,http://www.zhaopin.com/jobdetail/CC383625320J40675879409.htm,小象超市为美团自营零售业务，定位为社区居民的“30分钟快送超市”，采用“手机App+线下服务站”的模式，通过在社区设立的集存储、分拣、配送为一体的便民服务站，为社区居民提供生鲜食杂日用及配送服务。目前，小象超市已在北京、上海、深圳、广州、武汉、苏州、杭州等多个城市上线。在美团“零售+科技”战略聚焦下，小象超市承载着“深耕即时零售，提升消费体验”的任务，是公司在线上零售探索的核心业态之一，给一二线城...,,
私域运营经理（知识付费方向）,上海达道文化传播有限公司,7千-1.4万,上海,1-3年,本科,20-99人,民营,广告/营销,http://www.zhaopin.com/jobdetail/CC220368620J40653976816.htm,岗位职责：1. 搭建私域流量池，提升用户增长和沉淀；2. 制定用户分层运营策略，提高用户活跃度、留存率和复购率；3. 策划私域活动（如直播、拼团等），提升转化和业绩；4. 推广知识付费课程，完成销售目标；5. 分析私域运营数据，不断优化运营策略；6. 跟进私域运营工具的应用，研究新趋势和创新方法。岗位要求：1、本科及以上学历，2年以上私域运营经验，有知识付费或在线教育经验优先；2、熟悉私域工具（如...,,
AM/SAM,优数互动,1.5万-1.8万,上海,3-5年,本科,20-99人,民营,新媒体,http://www.zhaopin.com/jobdetail/CC574602120J40614472510.htm,岗位职责：1、服务于汽车客户，负责客户日常对接2、熟悉口碑运营逻辑及方式，链接social平台玩法3、高质量完成客户需求，包含但不限于方案撰写、稿件修改等4、负责协调内外部各种事宜5、有媒体等资源为加分项任职资格：2-3年汽车口碑运营经验，有较强的沟通，统筹，应变能力有汽车年框客户服务经验优先具有独立应对客户问题及解决能力（品牌有驻场需求，能接受者投递）,,
境外营销增长产品经理,北京三快在线科技有限公司,面议,上海,3-5年,本科,1000-9999人,上市公司,互联网,http://www.zhaopin.com/jobdetail/CC383625320J40596839009.htm,岗位职责：1、负责境外住宿营销价格竞争力系统功能建设，基于系统能力给出价格评估及出价策略。2、负责营销工具建设，能够扩展券，券包，权益类产品能力，支持运营活动快速响应市场需求。3、负责业务指标设计，用产品化方式抽象业务数据，并进行合理可视化呈现；4、关注业内营销产品发展方向，进行高质量市场调研和分析。岗位基本要求：1、3年及以上产品工作经验、参与过系统后台，工具后台建设等相关项目2、数据敏感，分析...,,
短视频团长模式运营总监,上海云汉资产管理有限公司,8千-1.5万,上海,3-5年,大专,20-99人,民营,证券/期货,http://www.zhaopin.com/jobdetail/CC306390980J40620249206.htm,（子公司）短视频团长模式运营总监岗位职责1，负责短视频的切片剪辑，把控整体叙事风格，保证成片在抖音、快手等平台的投放质量，素材内容制作等；2，熟悉抖音、快手等平台短视频规则，具备数据分析和粉丝画像分析能力，了解研究短视频产品的特点及买点，提炼出广告素材及玩法吸引点，达到短视频带货的效果；3，能够根据广告数据表现调整广告视频角度，提升广告质量和效果；4，在抖音、快手等视频号平台开发销货达人商务，熟练...,,
用户运营主管,上海博华国际展览有限公司,8千-1万,上海,1-3年,本科,500-999人,合资,会议/展览,http://www.zhaopin.com/jobdetail/CC000324170J40786376104.htm,岗位职责：1. 负责不同渠道用户数据收集（网站注册用户、电话来询、社群、活动、展会、直播等渠道）、分析、评估，以及用户数据库的管理; 2. 负责用户分层，用户活跃的策略，熟悉各类用户活跃玩法，策划针对会员的各类主题营销活动，构建用户运营策略：用户画像、用户激励体系等，增加用户粘性，促进活跃用户的增长；3. 负责社群素材的整理、发布和日常运维，社群话题的策划与分享，与社群用户的日常互动及运营效果的跟...,,13薪
闪购-品牌-品牌增长项目经理,北京三快在线科技有限公司,面议,上海,3-5年,本科,1000-9999人,上市公司,互联网,http://www.zhaopin.com/jobdetail/CC383625320J40681309509.htm,"美团闪购是美团旗下的即时零售平台，依托即时配送能力，连接本地零售供给，满足消费者30分钟万物到家的即时需求。美团闪购涵盖超市便利、食材、水果、鲜花绿植、休闲零食、酒水饮料、数码家电、美妆个护、母婴玩具、日用百货、服饰鞋帽、宠物等诸多品类，业务覆盖全国近3,000个县市区旗，每日百万级在岗骑手，以高效的配送、丰富的品类和广泛的覆盖，为美团数亿用户带来便捷的生活体验，积极助力实体零售线上化转型，提升本...",下午茶,
私域运营,上海致力共通品牌管理有限公司,6千-1.2万,上海,经验不限,大专,20-99人,民营,广告/营销,http://www.zhaopin.com/jobdetail/CC686067820J40568065703.htm,岗位内容：1. 设计并执行微信营销策略，通过社交媒体与客户进行沟通和互动。 2. 制定、撰写和发布高质量的微信文章、图文等内容，提高品牌知名度和用户参与度。 3. 统筹微信公众号的日常管理和内容推广，不断提升用户参与度和转化率。 4. 负责策划和组织各类微信营销活动，增加用户粘性和忠诚度。 5. 监测微信公众号的数据表现，并及时调整营销策略。 任职要求： 1. 本科及以上学历，有2年及以上的知识类...,,
Senior Supply Planning（外企服饰）,上海中智项目外包咨询服务有限公司,1.8万-2.2万,上海,5-10年,本科,1000-9999人,国企,人力资源服务,http://www.zhaopin.com/jobdetail/CC209328710J40660995516.htm,工作内容：1、Meet the Global buying milestones in quality and time. 2、Communicate effectively with the Global team to guarantee Asian buying volumes are 100% accepted.3、Guarantee the approval process of the...,,
试剂创新准入专家,北京三快在线科技有限公司,面议,上海,3-5年,本科,1000-9999人,上市公司,互联网,http://www.zhaopin.com/jobdetail/CC383625320J40592219409.htm,美团买药是美团旗下的医药健康业务板块，2020年作为独立品牌发布，在“让健康相伴每个人”的使命驱动下，希望能成为中国家庭首选的购药和用药服务平台。目前，美团买药的业务版块包括即时零售、快递电商、互联网医疗、创新业务（如居家快检）等版块，合作药店超过25万家，覆盖全国近3000个市区县旗，在超过1000多个县城开设了24小时数字化药店；同时也与华润三九、哈药、济川、拜耳、强生、GSK、欧加隆、辉瑞、...,,
产品经理（胶黏剂）(J15172),震坤行工业超市(上海)有限公司,1.5万-2.5万,上海,5-10年,本科,1000-9999人,合资,互联网,http://www.zhaopin.com/jobdetail/CC000527960J40801341415.htm,岗位职责:工作职责:1、根据市场及客户需求，诊断品类健康度，梳理品类及品牌定位，进行产品的更新迭代，提升产品竞争力。2、根据品类规划，通过产业带的调研以及竞品对比，确认目标品牌或目标供应商，制定开发计划。3、根据公司供应商要求，确定供应商目标池，通过制定营销策略，推进供应商合作，扩大头部供应商采购占比。4、根据产品定价策略，通过洞悉市场竞争态势，调整定价，实现有价格竞争力的销售指导价格。任职要求:...,,16薪
APAC Boutiques Business Manager,上海依视路光学有限公司,4万-4.5万,上海,5-10年,本科,1000-9999人,外商独资,耐用消费品,http://www.zhaopin.com/jobdetail/CC000191270J40766004915.htm,"Responsibilities:The Candidate will report to the APAC Boutiques Director (base in Shanghai) and will work with the APAC Boutique team based between Shanghai and Hong Kong in managing, in partnership ...",,
闪购-品牌部供给赋能项目运营,北京三快在线科技有限公司,面议,上海,3-5年,本科,1000-9999人,上市公司,互联网,http://www.zhaopin.com/jobdetail/CC383625320J40669584709.htm,"美团闪购是美团旗下的即时零售平台，依托即时配送能力，连接本地零售供给，满足消费者30分钟万物到家的即时需求。美团闪购涵盖超市便利、食材、水果、鲜花绿植、休闲零食、酒水饮料、数码家电、美妆个护、母婴玩具、日用百货、服饰鞋帽、宠物等诸多品类，业务覆盖全国近3,000个县市区旗，每日百万级在岗骑手，以高效的配送、丰富的品类和广泛的覆盖，为美团数亿用户带来便捷的生活体验，积极助力实体零售线上化转型，提升本...",下午茶,
供应链经理（香薰精油类方向）,上海福流健康科技有限公司,1.5万-2万,上海,1-3年,本科,20-99人,民营,电子商务,http://www.zhaopin.com/jobdetail/CCL1480854860J40594517806.htm,岗位职责：1. 供应链管理：全面负责精油及香薰类产品的供应链管理，包括原材料采购、生产、仓储及物流环节，确保供应链高效运作；2. 供应商管理：开发和维护优质供应商资源，建立并维持良好的合作关系，确保原材料的稳定供应与质量控制；3. 需求预测与库存管理：根据市场需求与销售预测，制定采购计划，优化库存管理，保证产品供应的连续性；4. 生产计划协调：与生产团队紧密合作，确保生产计划符合市场需求，并协调原...,,
品类经理,伍尔特(中国)有限公司,1千以下,上海,3-5年,本科,300-499人,外商独资,贸易/进出口,http://www.zhaopin.com/jobdetail/CC511313220J40687169201.htm,"1. Understand Division business development strategy for the focused customer segments, explore customer demand of target market via market study and data analysis深入理解公司各事业部重点客户群体的开发战略，通过市场调研和数据分析发掘目标...",,
销售策略,北京三快在线科技有限公司,面议,上海,5-10年,本科,1000-9999人,上市公司,互联网,http://www.zhaopin.com/jobdetail/CC383625320J40662474409.htm,大众点评作为国内重要的本地生活消费决策参考平台，多年来深耕本地生活消费领域，深受广大用户的信任和喜爱。我们的业务覆盖了吃喝玩乐游购娱等生活场景，通过极具辨识度和公信力的”星级“和”评价“产品，为数亿用户提供了全面、可信的消费决策依据。为更好满足用户探索城市的需求，大众点评在原有星级和评价的基础上，以信息流产品形式，助力用户发现更多好去处。大量优秀年轻同学的加入，为我们的团队注入了澎湃活力。我们相信...,,
DUV Stepper光刻工艺工程师,上海交通大学,1.3万-2.6万,上海,3-5年,硕士,1000-9999人,事业单位,学术/科研,http://www.zhaopin.com/jobdetail/CC120358980J40482229206.htm,"岗位说明： Canon 深紫外光刻机及TEL 全自动涂胶显影轨道机（Tracker）（二期核心设备）工艺、以及SUSS/Sawatec高精度涂胶显影工艺 岗位要求： 研究生教育学历,硕士及以上学位1.微电子学与固体电子学、电子科学与技术、物理学、材料学等相关专业，硕士及以上学历；2. 3年以上FAB光刻工艺和设备维护经验，熟悉stepper（有佳能 DUV光刻机使用或维护经验者优先考虑）、trac...",免费班车,
半导体技术（SEM、XRD）,湖南拓维云创科技有限责任公司,1.2万-1.4万,上海,3-5年,本科,1000-9999人,上市公司,互联网,http://www.zhaopin.com/jobdetail/CC889005020J40697777513.htm,福利：双休+劳动合同+周末有双倍加班费+节假日照常放假+年假，产假，婚假...... 面试流程：视频线上面试+2轮面试，技术初面和技术终面+需求三人 稳定性：工作稳定，项目稳定 硬件工程师岗位职责1，熟悉光刻，电子束光刻等半导体工艺，培训后能够在独立对样品进行微纳加工2，熟悉AFM、SEM、XRD等半导体检测手段，能够完成送样和数据整理分析工作3，熟悉实验室相关设备的日常维护工作岗位要求1，本科以...,"加班补助,法定节假日,带薪假期",
闪购-品牌-品类运营专家（休食品类）,北京三快在线科技有限公司,面议,上海,1-3年,本科,1000-9999人,上市公司,互联网,http://www.zhaopin.com/jobdetail/CC383625320J40682353709.htm,"美团闪购是美团旗下的即时零售平台，依托即时配送能力，连接本地零售供给，满足消费者30分钟万物到家的即时需求。美团闪购涵盖超市便利、食材、水果、鲜花绿植、休闲零食、酒水饮料、数码家电、美妆个护、母婴玩具、日用百货、服饰鞋帽、宠物等诸多品类，业务覆盖全国近3,000个县市区旗，每日百万级在岗骑手，以高效的配送、丰富的品类和广泛的覆盖，为美团数亿用户带来便捷的生活体验，积极助力实体零售线上化转型，提升本...",下午茶,
MRI产品经理（可base异地）,广东先导稀材股份有限公司,2.7万-4.5万,上海,3-5年,本科,1000-9999人,民营,化工,http://www.zhaopin.com/jobdetail/CC268804910J40601524104.htm,职位描述：1、负责MR产品线规划，形成产品roadmap；2、调研分析需求，洞察用户痛点，进行相应的产品需求定义；3、参与产品研发过程，确保产品需求准确传递与实现；4、基于市场及精品分析，完成产品定位、产品核心价值主张；5、制定产品配置及市场推广策略；6、制作产品销售工具资料，传递到售前市场团队；7、定期与营销团队梳理更新产品市场策略，协助销售团队完成销售任务；岗位要求：1、医学影像、生物医学工程...,,
零售运营专员-上海大厂（车BU）,北京科锐国际人力资源股份有限公司苏州分公司,1万-1.5万,上海,1-3年,大专,1000-9999人,上市公司,咨询服务,http://www.zhaopin.com/jobdetail/CC289346030J40686490302.htm,岗位职责： 协助零售经理，参与零售运营的例行工作，包括： 1、协助制定零售销售策略，协助设定零售目标管理方案，跟进主推政策落地和销售达成；_x005f 2、协助制定零售资源管理和供应商管理策略；发现落地过程中的问题进行管理优化； 3、协助制定门店基础作业SOP规范并推动落地执行； 4、通过薪酬、产能等人效数据分析，协助零售经理进行团队日常管理。 任职要求： 1、学历和专业：大专及以上学历，市场营...,,13薪
闪购-南区上海仓负责人,北京三快在线科技有限公司,面议,上海,3-5年,本科,1000-9999人,上市公司,互联网,http://www.zhaopin.com/jobdetail/CC383625320J40672439109.htm,"美团闪购是美团旗下的即时零售平台，依托即时配送能力，连接本地零售供给，满足消费者30分钟万物到家的即时需求。美团闪购涵盖超市便利、食材、水果、鲜花绿植、休闲零食、酒水饮料、数码家电、美妆个护、母婴玩具、日用百货、服饰鞋帽、宠物等诸多品类，业务覆盖全国近3,000个县市区旗，每日百万级在岗骑手，以高效的配送、丰富的品类和广泛的覆盖，为美团数亿用户带来便捷的生活体验，积极助力实体零售线上化转型，提升本...",下午茶,
产品专员/主管（数字营销）,上海快序生物科技有限公司,1万-1.5万,上海,经验不限,硕士,20-99人,民营,生物工程,http://www.zhaopin.com/jobdetail/CCL1318411020J40651405811.htm,岗位职责：分析市场趋势、竞争对手和目标客户群体；优化公司的官方网站和社交媒体账户，确保内容的更新和一致性；具备数据分析能力，能够深层次研究问题，提出建设性建议；线上渠道（包括但不限于社交媒体、搜索引擎、电子邮件等）策划和实施，提升品牌知名度和市场份额；线下品牌推广活动的执行如参加展会，自主举办学术会议等；其他领导交办的事宜。 任职要求：1、硕士及以上学历，生物、医疗等相关专业优先； 2、有一定产品...,,
IOT营销经理,西安龙飞网络科技有限公司,3万-5万,上海,3-5年,本科,100-299人,上市公司,通信/网络设备,http://www.zhaopin.com/jobdetail/CC698499720J40671154303.htm,岗位职责：1.开发MBB业务新客户，维护客户的良好合作关系；2.制定销售计划，完成销售目标；签订销售合同和销售订单；3.跟踪完成销售合同、订单和出货；完成应收账款。任职要求：1.3年以上MBB产品销售经验；有海外市场开拓的经历。2.本科学历及以上3.有MBB产品客户资源；有海外MBB产品销售经验；具有良好的英语沟通能力；责任心强，条理清楚，做事积极主动；4.优先考虑有CPE产品海外销售经验,,
BMS应用层开发工程师,猎益猎头,3.5万-5万,上海,5-10年,本科,100-299人,民营,人力资源服务,http://www.zhaopin.com/jobdetail/CC284377010J40664481109.htm,1、根据需求制定软件系统架构及BMS软硬件接口，并进行详细的系统方案设计;2、负责BMS SOX算法研究，设计与优化，问题分析与处理;3、负责算法所需数据及参数(电芯数据，算法参数等)的提取方法研究;4、编写应用层软件需求，组织软件需求评审:5、根据软件需求实现BMS功能和控制策略的开发实现，并适时优化软件功能模型;6、开展BMS单元测试，软件集成，系统集成测试等工作;7、定期总结软件开发经验，软...,,15薪
半导体行业产品经理,广州专聚化工有限公司,1.5万-2.5万,上海,1-3年,本科,20-99人,民营,化学原料/化学制品,http://www.zhaopin.com/jobdetail/CCL1481487680J40750701215.htm,一、岗位职责：1、代理销售日本知名化学品牌的化学原料，开发国内工厂以及企业的有机硅、半导体、光刻胶应用市场，服务终端工厂的技术、产品等一系列的需求。2、根据总经理提出的产品销售预算制定工作计划。负责产品的市场调查、市场定位、客户清单及情报搜集、开发进度管理、采购订货、库存管控、销售定价、区域数量分配、制定策略及行动计划并跟进完成。3、与华东/华北/华南区域总监保持信息充分沟通和良好协作关系，取得区...,"法定工作时间,周末双休,法定节假日,大牛带队,六险一金,带薪假期,节日慰问,带薪旅游,体检福利,下午茶,定期团建,绩效奖金",13薪
医药行业销售运营（SFE）,上海中智项目外包咨询服务有限公司,8千-1.5万,上海,1-3年,本科,1000-9999人,国企,人力资源服务,http://www.zhaopin.com/jobdetail/CC209328710J40637073516.htm,"1.支持销售运营的常规工作，包括内部销售业绩和外部市场情报，如CPA, IMS报告数据整理维护呈现，PPT制作等，2.销售指标分解的方法学梳理、指标分解和汇总分析，以及指标和辖区合理性回顾分析以及数据系统上传；3.业务BU销售、市场，管理层对SFE相关需求的对接和支持，SFE各项工作在落地推进，并积极与区域销售团队就销售业绩问题进行沟通，并提出改善销售效果的建议4.协助直线经理完成“业绩管理、CR...",,
功率模块封装生产运营负责人,上海贺通人力资源管理(集团)有限公司,3万-5万,上海,10年以上,本科,100-299人,,人力资源服务,http://www.zhaopin.com/jobdetail/CCL1355718860J40590325706.htm,职位描述：经验丰富的功率模块封装生产运营负责人，主要负责功率模块的研发和封装生产流程管理，以确保产品质量、生产效率和成本控制。该职位将与研发、质量控制、供应链等部门密切合作，推动技术创新和高效运营，实现公司的生产目标。主要职责：1. 研发支持：· 参与功率模块新产品的研发过程，提供生产可行性分析和技术支持。· 与研发团队紧密合作，推动新技术的转化和应用，确保产品设计与生产的有效衔接。2. 生产管理...,,
Automotive BMS BSW Engineer,凌云工业股份有限公司汽车零部件研发分公司,1.5万-2.5万,上海,5-10年,本科,100-299人,国企,金属制品业,http://www.zhaopin.com/jobdetail/CC815640410J40729221008.htm,"Job SummaryWe are seeking a highly skilled and experienced Automotive BMS BSW Engineer to join our team. The ideal candidate will have a strong background in the development of Basic Software (BSW), m...",,14薪
产品线经理-消费类电子,润欣科技,1.2万-1.8万,上海,3-5年,本科,100-299人,民营,计算机硬件,http://www.zhaopin.com/jobdetail/CC000401290J40637862601.htm,"岗位职责：1. 对消费类电子产品市场熟悉，对所负责的产品线有较深刻认识，针对整个市场情况，有明确的市场策略；2. 紧密地与Sales、FAE配合，了解各地客户的情况，完成公司业绩指标；3. 根据市场价格的变化拟制报表,管理库存，按时完成各种工作报告及领导分配的任务；4. 维持与供应商各层面人员的良好关系；5. 了解供应商的状况，如市场政策、代理商政策、产品信息、人事情况；6. 将有关信息及时传递给...",,13薪
营销产品经理,北京三快在线科技有限公司,面议,上海,3-5年,本科,1000-9999人,上市公司,互联网,http://www.zhaopin.com/jobdetail/CC383625320J40670550109.htm,大众点评作为国内重要的本地生活消费决策参考平台，多年来深耕本地生活消费领域，深受广大用户的信任和喜爱。我们的业务覆盖了吃喝玩乐游购娱等生活场景，通过极具辨识度和公信力的”星级“和”评价“产品，为数亿用户提供了全面、可信的消费决策依据。为更好满足用户探索城市的需求，大众点评在原有星级和评价的基础上，以信息流产品形式，助力用户发现更多好去处。大量优秀年轻同学的加入，为我们的团队注入了澎湃活力。我们相信...,,
区域产品经理RPM,上海国创医药股份有限公司,1.5万-1.8万,上海,1-3年,本科,100-299人,合资,医药制造,http://www.zhaopin.com/jobdetail/CC134385490J40618447901.htm,岗位职责： 1、根据公司营销规划，建立并完善公司的产品推广、品牌管理、市场调研、开拓活动等市场体系； 2、制定公司的产品推广策略，跟进公司产品的市场推广，提高公司产品的市场占有率，支持销售部门完成销售目标； 3、制定公司的市场开拓活动计划，协助市场开拓活动的组织实施，确保开拓活动顺利进行； 4、建立适合公司需求的产品及业务消费者培训体系，协助公司业务培训的实施； 5、进行市场调研与分析，研究同行、...,"五险一金,带薪假期",
原料产品开发经理（上海奉贤）,上海舜薪生物科技有限公司,1万-1.8万,上海,1-3年,硕士,20人以下,民营,化学原料/化学制品,http://www.zhaopin.com/jobdetail/CCL1427370440J40580670710.htm,岗位职责：1、配合市场需求，对原料产品线进行梳理，制定并实施产品规划、产品理化指标研究，产品配方应用研究。产品推广方案和计划等。 并开展产品培训、配方应用问题解答等； 2、原料产品相关功效研究，指导三方机构进行测试及功效验证； 3 、协助市场部和销售部，做好内部产品培训和对外产品演讲； 4 、善于学习，熟悉并了解化妆品配方信息、特性和作用机理。 任职要求： 1.、精细化工、应用化学、生物学等专业硕...,,
销售运营专家,北京三快在线科技有限公司,面议,上海,3-5年,本科,1000-9999人,上市公司,互联网,http://www.zhaopin.com/jobdetail/CC383625320J40676581709.htm,美团到综事业部涵盖洗浴、足疗按摩、KTV、密室剧本娱乐、运动健身、宠物、酒吧、丽人、医美医疗、教育培训、亲子、结婚、家居、家政洗涤维修等数十个重点生活服务细分行业。我们为近200个本地生活服务行业提供营销、经营等数字化服务，链接本地消费需求和本地商家优质服务，搭建信息和交易平台，并提供高质量的履约服务保障。我们通过将信息及服务的线上化和标准化，为用户提供更多美好生活方式的选择，帮助商户在平台上更好...,免费健身,
APP运营总监（年底奖金+期权）,上海天都人力资源有限公司,1.8万-2.8万,上海,5-10年,本科,20-99人,合资,咨询服务,http://www.zhaopin.com/jobdetail/CC350126610J40660979014.htm,岗位职责：1、负责APP产品的市场定位、战略规划及落地执行，确保产品目标与市场需求的匹配。2、针对目标用户群体，通过端内路径布局、产品功能设计、营销策划等，结合业务场景，进行流量引入，提升用户转化率，对ROI负责。3、负责用户生命周期的体系搭建，制定SOP策略体系，优化用户裂变、用户成长、用户服务体系；挖掘沉淀的用户需求，对不同类型的用户进行用户分层，制定精细化策略，提升新用户的激活率、用户活跃度...,,
SAE 高级客户主任,上海达道文化传播有限公司,8千-1.5万,上海,3-5年,本科,20-99人,民营,广告/营销,http://www.zhaopin.com/jobdetail/CC220368620J40446412416.htm,岗位职责：1.在客户或项目经理的指导下，负责公共关系服务项目实施工作的执行和协调；2.在客户或项目经理指导下与客户保持良好的日常沟通，主动及时反馈项目进展；3.有一定的方案撰写能力，撰写有关公共关系服务文件，包括各类新闻稿件；4.参与讨论公共关系方案，提出建设性意见；5.收集并整理客户及其竞争对手的基本行业信息。任职资格：1. 广告公关、新闻、市场营销、英语等专业优先；2. 具备一定的稿件和方案撰...,"五险一金,带薪假期,弹性工作,体检福利,带薪旅游",
BM技术高级主管/主管,中国科学院上海微系统与信息技术研究所,9千-1.4万,上海,经验不限,本科,500-999人,事业单位,电子/半导体/集成电路,http://www.zhaopin.com/jobdetail/CC191763020J40636463003.htm,职位介绍：1)负责研究所BM体系建设、运行和管理;2)负责研究所安全体系建设、运行和管理;3)熟悉有关BM法规和与BM工作相关的各类信息安全技术防范知识，能够指导、监督和检查本单位BM技术防范措施的建设和管理;4) 熟悉安全有关法规和与GJ安全相关的各类信息安全技术防范知识，能够指导、监督和检查本单位反 JD安全防范措施的建设和管理:5) 负责安全和BM相关技术的引进、部署以及研发工作;6) 协助...,,
Oakley Brand Manager,上海依视路光学有限公司,2万-2.6万,上海,5-10年,本科,1000-9999人,外商独资,耐用消费品,http://www.zhaopin.com/jobdetail/CC000191270J40717402215.htm,"GENERALPOSITION SUMMARY:· The brand manager will be a marketing generalist responsible for Oakley brand communications , including integrate marketing campaigns and landing plan implementations in WHS...",,15薪
小象超市-上海PC运营主管,北京三快在线科技有限公司,面议,上海,3-5年,本科,1000-9999人,上市公司,互联网,http://www.zhaopin.com/jobdetail/CC383625320J40653434709.htm,小象超市为美团自营零售业务，定位为社区居民的“30分钟快送超市”，采用“手机App+线下服务站”的模式，通过在社区设立的集存储、分拣、配送为一体的便民服务站，为社区居民提供生鲜食杂日用及配送服务。目前，小象超市已在北京、上海、深圳、广州、武汉、苏州、杭州等多个城市上线。在美团“零售+科技”战略聚焦下，小象超市承载着“深耕即时零售，提升消费体验”的任务，是公司在线上零售探索的核心业态之一，给一二线城...,,
BM技术高级主管/主管,中国科学院上海微系统与信息技术研究所,9千-1.4万,上海,经验不限,本科,500-999人,事业单位,电子/半导体/集成电路,http://www.zhaopin.com/jobdetail/CC191763020J40636463103.htm,职位介绍：1)负责研究所BM体系建设、运行和管理;2)负责研究所安全体系建设、运行和管理;3)熟悉有关BM法规和与BM工作相关的各类信息安全技术防范知识，能够指导、监督和检查本单位BM技术防范措施的建设和管理;4) 熟悉安全有关法规和与GJ安全相关的各类信息安全技术防范知识，能够指导、监督和检查本单位反 JD安全防范措施的建设和管理:5) 负责安全和BM相关技术的引进、部署以及研发工作;6) 协助...,,
产品专员/主管（数字化营销）,上海快序生物科技有限公司,1万-1.5万,上海,经验不限,硕士,20-99人,民营,生物工程,http://www.zhaopin.com/jobdetail/CCL1318411020J40651454311.htm,岗位职责：1. 分析市场趋势、竞争对手和目标客户群体；2. 优化公司的官方网站和社交媒体账户，确保内容的更新和一致性；3. 具备数据分析能力，能够深层次研究问题，提出建设性建议；4. 线上渠道（包括但不限于社交媒体、搜索引擎、电子邮件等）策划和实施，提升品牌知名度和市场份额；5. 线下品牌推广活动的执行如参加展会，自主举办学术会议等；6. 其他领导交办的事宜。任职要求：1. 硕士及以上学历，生物、...,,
用户增长负责人,上海傲熠科技有限公司,1.5万-2万,上海,1-3年,本科,20-99人,,电子商务,http://www.zhaopin.com/jobdetail/CCL1371185930J40688981901.htm,岗位内容：1. 制定产品增长战略，推动品牌增长。2. 负责产品的整个生命周期管理，包括市场定位、用户满意度、产品规划、执行和上市。3. 了解市场竞争，制定价格、促销等策略，为产品销售提供支持。任职要求：1. 具备较强的市场洞察力和敏锐的市场反应能力，对消费者需求有深入理解。2. 具备良好的项目管理能力、分析决策能力和商业逻辑思维能力。3. 具备较强的领导力和团队管理能力，能够高效协调不同团队完成项...,,
商品开发主管,上海摄提信息科技有限公司,1万-2万,上海,5-10年,大专,300-499人,民营,互联网,http://www.zhaopin.com/jobdetail/CC441300130J40539501604.htm,职位描述：1、结合客户需求、市场产品特征，规划公司相关品类的发展方向和重心；2、依托销售数据结构分析、市场反馈、行业发展等维度，推动产品迭代、改进等工作；3、寻找优质供应商完成新产品的设计、研发、生产；4、新品上市前提供产品定价方案，准备上市介绍；5、提供产品技术支持及咨询，不定期开展新品及渠道产品培训；配合展会/发布会需求设计产品展示方案，支持现场产品讲解；6、通畅地做好与各部门的沟通和协调工作...,,
产线开发经理,众业达,5千-1万,上海,3-5年,本科,1000-9999人,上市公司,零售/批发,http://www.zhaopin.com/jobdetail/CC213684210J40749503404.htm,一、岗位职责1.新供应商的开发及认证，并根据公司业务发展需求制定供应商开发计划，跟踪供应市场行情、及时调整价格策略及供应商策略；2.负责新产品开发和导入时候的产品询价报价、供应商认证、原材料准备和供应链整合等；3.通过合同谈判持续评估供应商表现降低交付总成本，确保质量、服务等来响应不断变化的业务需求；4.持续进行月度供应商的及时到货率、采购价格异动、质量投诉等考核；5.日常采购工作包括分析处理采购...,"周末双休,法定节假日,带薪假期,五险一金,节日慰问,绩效奖金",15薪
器件开发岗 (MJ006547),中国航空技术国际控股有限公司,1.5万-2.6万,上海,3-5年,硕士,10000人以上,国企,电子/半导体/集成电路,http://www.zhaopin.com/jobdetail/CC144916330J40596124804.htm,工作职责：1. Tandme OLED 器件工艺跟进与优化，Tandem新技术调研评估；2. Tandem OLED器件设计开发和结构优化，实验验证方案的制定和实验进展跟进；3. Tandme OLED器件测试结果分析总结，可靠性验证，不良解析和改善方案提出；4.Tandem OLED新材料体系量产导入；5. RD蒸镀设备运营管理任职资格：1. 硕士研究生及以上学历，物理、电子、光学等相关理工科专...,,
资深媒介策划Senior Media Planning,宝原广告(上海)有限公司,9千-1.2万,上海,1-3年,本科,20人以下,民营,广告/营销,http://www.zhaopin.com/jobdetail/CCL1237555590J40426611303.htm,资深媒介策划Senior Media Planning 岗位职责：1 2年（Senior SP）及3年以上（Super）广告媒体策划或品牌策划经验，有4A广告公司SP从业经验者优先；2 熟悉digital媒体投放规则，包含头部媒体合约广告投放，微信和小红书竞价投放规则；3 品牌投放中媒体对接以及媒体方案攥写；4 广告投放项目与品牌对接需求以及项目统筹；5 广告投放中项目上线管理； 6 投放后项目r...,"绩效奖金,年终奖,五险一金,弹性工作,带薪旅游,定期团建",13薪
资深策划 Senior Planner【HAVAS集团 上海】,北京亦铭信息咨询有限公司,1.5万-1.7万,上海,3-5年,本科,100-299人,其它,咨询服务,http://www.zhaopin.com/jobdetail/CC695807820J40274555515.htm,岗位描述： 负责医药类campaign的整体规划及创意包装，项目和产品相关的文案创意，软文及视频脚本撰写，同时承担医学相关文案的润色工作。 有线上传播类campaign策划经验者，熟悉线上各平台运营及传播经验者，优先，医药广告创意工作者，优先 任职资格： 1. 广告、新闻、传媒相关专业，有较强的创意发散能力； 2. 有4年以上医药类项目策划和文案工作经验，有创意能力和活跃的设计思维，为项目提供创意...,,
增长方案专家—外卖方向/供应链财税方向,北京三快在线科技有限公司,面议,上海,3-5年,本科,1000-9999人,上市公司,互联网,http://www.zhaopin.com/jobdetail/CC383625320J40672864809.htm,美团餐饮系统为餐饮企业提供一站式IT解决方案，帮助餐饮商户实现从供应链管理、生产管理、前厅管理到外卖的数字化经营。美团餐饮系统不仅打通了餐厅和平台，更帮助餐厅连接客人，让商户更了解顾客需求，在帮助商户做商业决策的同时给顾客带来更好的消费体验。我们持续建设和提升产研、销售、服务的核心能力，通过全新升级的美团餐饮系统一体化软硬件产品，助力餐饮商户进行线上化经营，帮助商户在推广新店、提升效率、降低成本、...,,
品类运营经理,上海天籍信息科技有限公司,8千-1.6万,上海,3-5年,本科,20-99人,民营,互联网,http://www.zhaopin.com/jobdetail/CC384061710J40458749313.htm,任职要求：1. 对所负责品类的分销额负责；1. 新产品的引进，包括但不限于供应商选择、品类选择等；2. 了解行业趋势，分析行业用户，产品等，并结合行业情况制定品类策略；3. 产品数据包的监管；4. 策划、组织、执行品类宣传活动；5. 公司及领导交办的其他事情任职要求：1. 3-5年品类管理，类目运营经验；2. 本科及以上学历，硕士、党员优先；3. 有好奇心，有钻研精神；4. 语言表达能力和沟通能力...,,
Senior Marketing Manager,亿思知识产权代理(北京)有限公司,2万-4万,上海,3-5年,本科,300-499人,港澳台公司,专利/商标/知识产权,http://www.zhaopin.com/jobdetail/CCL1485233000J40681692801.htm,汇报对象：市场总监Marketing Director岗位职责：1、 根据企业发展战略目标制定品牌建设及市场运营方案，并根据市场运营目标运营维护公司社交媒体平台及中文网站；2、 撰写符合公司品牌形象的原创文章，包括但不限于行业资讯、案例分析、活动推广等；3、 策划并落实线上/线下推广活动、培训，提高用户互动率和参与度，增加粉丝数量和用户粘性；4、 根据业务团队的需求进行调整和完善中英文宣传资料；5...,,
服装供应链总监,上海嘟嘟家科技集团有限公司,3万-6万,上海,5-10年,本科,100-299人,,零售/批发,http://www.zhaopin.com/jobdetail/CCL1407668430J40863238204.htm,职位描述：1、负责组织制定公司供应链策略，协调各产品供应资源的整合；2、负责生产的精细化管理包但不限于根据不同工厂的产能、质量等情况落实到各个服装加工厂；3、监督工厂的生产计划的执行，合同调度各项生产任务及各种工作标准、质量把关，确保大货按质按量如期完成；4、负责工期的确认，管控各环节的费用，降低产能消耗；5、及时解决和处理生产过程中发生、发现的各种问题，确保交期；6、负责部门的团队管理及与各衔接...,,
搜索产品专家-上海,北京三快在线科技有限公司,面议,上海,1-3年,本科,1000-9999人,上市公司,互联网,http://www.zhaopin.com/jobdetail/CC383625320J40672949209.htm,美团平台为用户的基础产品体验负责，还承担了美团的用户增长、市场和品牌营销、前端技术基础设施建设以及多条业务线的产品设计职责，建立了融合文字、图片、视频和直播等不同形式的內容生态系统，同时整合地图服务部、客户服务和体验部、企业业务部、网约车业务部等部门，致力于用科技提升美团数亿消费者、近千万商家、骑手、司机和团长的服务体验。美团平台拥有高并发、多业务的复杂场景，为技术深度优化提供了最佳实践可能。这里...,,
面料开发生产专家,上海颐美纺织服装辅料有限公司,1.2万-2万,上海,5-10年,中技,20-99人,民营,贸易/进出口,http://www.zhaopin.com/jobdetail/CC146081550J40463999701.htm,一、岗位职责1.根据客户提供的面料信息迅速、准确地 询样/开发。2.根据公司发展方向草拟年度面料新品开发和常规面种开发及优化计划；3.面料工艺、成份配比做分析，包括纱支规格、经纬密度、成份比例、克重组织、用纱量、捻向/捻度、后整理工艺等；4.收集掌握国内外面料流行趋势，实时了解国外市场动向及流行趋势，定期提供报告；5.负责面料合理性分析，大货可行性风险评估，供应商产能需求及实际状况评估，开发面料优...,"周末双休,法定节假日,五险一金,下午茶,定期团建,绩效奖金,全勤奖,带薪假期,带薪旅游",
【小语种】产品营销专员/应届毕业生,英创人才服务(上海)有限公司,6千-9千,上海,经验不限,本科,100-299人,合资,人力资源服务,http://www.zhaopin.com/jobdetail/CC143661450J40590902913.htm,"毕业时间：2025年语言：意大利语、法语之一Base：上海/武汉岗位职责： 1、负责所在市场的网站产品页面管理,如产品上下架,专题页上新,核心功能测试,日常BUG走查等 2、负责针对本地价值品类和解决方案,制定产品和解决方案的运营推广计划,包含方案策划、预算、宣发物料输出、发布及推广效果的评估与反馈 3、负责文章的策划与写作,结合文章数据表现对已发布的文章进行优化调整,提升SEO效果 4、负责 L...",,
面料研发主管,上海毅特纺织有限公司,1万-2万,上海,5-10年,本科,20-99人,民营,耐用消费品,http://www.zhaopin.com/jobdetail/CC131133730J40181801413.htm,职位描述：针对欧美时尚面料市场，带领3-4人团队，通过对目标市场调研，挖掘潮流趋势，运用新材料、新工艺和新花色，主导每季的主题策划，从小样到大样的生产实施，每年12-15个系列，每个系列12-15个新品种，树立和巩固公司在产品方面的竞争优势。 1、新产品的系列研发； 2、产品工艺技术的创新和改良：降低产品成本，提高公司产品技术的稳定性和先进性。 3、做好来样分析工作、提供技术支持和培训； 4、负责...,"五险一金,体检福利,周末双休,有餐补,交通补助,通讯补助,带薪假期,提成",13薪
面料研发经理,上海鹤丰针织印染服饰有限公司,1万-1.2万,上海,5-10年,高中,500-999人,,纺织业/服饰产品加工制造,http://www.zhaopin.com/jobdetail/CC200715610J40533512911.htm,1、掌握熟悉各类针织面料的性能特点、纱线支数，根据客户需求随时开发提供功能性面料。2、了解面料市场信息，有广泛的供应商资源。3、能分析当今流行时尚面料，对客户要求或业务员提出新型面料及时开发提供和反馈。,五险一金,
生态策略运营专家,北京三快在线科技有限公司,面议,上海,1-3年,本科,1000-9999人,上市公司,互联网,http://www.zhaopin.com/jobdetail/CC383625320J40645712709.htm,大众点评作为国内重要的本地生活消费决策参考平台，多年来深耕本地生活消费领域，深受广大用户的信任和喜爱。我们的业务覆盖了吃喝玩乐游购娱等生活场景，通过极具辨识度和公信力的”星级“和”评价“产品，为数亿用户提供了全面、可信的消费决策依据。为更好满足用户探索城市的需求，大众点评在原有星级和评价的基础上，以信息流产品形式，助力用户发现更多好去处。大量优秀年轻同学的加入，为我们的团队注入了澎湃活力。我们相信...,,
功能性面料开发总监,上海颐美纺织服装辅料有限公司,1.5万-2.5万,上海,5-10年,大专,20-99人,民营,贸易/进出口,http://www.zhaopin.com/jobdetail/CC146081550J40664784301.htm,1) 根据客户提供的面料信息迅速、准确地 询样/开发。2) 根据流行趋势推出下一年度、季度面料新品开发和样册；3) 面料工艺、成份配比做分析，包括纱支规格、经纬密度、成份比例、克重组织、用纱量、捻向/捻度、后整理工艺等；4) 负责面料合理性分析，大货可行性风险评估，供应商产能需求及实际状况评估，开发面料优质供应商；5) 负责领导交办的其他工作事项。2. 任职要求1) 语言能力：具有较强的语言沟通能...,"五险一金,绩效奖金,周末双休,定期团建",
工艺器件专家 (MJ000248),兆易创新科技集团股份有限公司,面议,上海,10年以上,本科,1000-9999人,上市公司,电子/半导体/集成电路,http://www.zhaopin.com/jobdetail/CC133175200J40540051007.htm,岗位职责：1、支撑公司所有晶圆工艺及器件开发计划；2、对公司晶圆工艺问题提供有效的解决方案；3、跟踪全球新工艺及器件的进展，为公司提供新的发展方向选择。任职资格：1、本科及以上学历；2、至少5年及以上晶圆厂工艺整合及工艺开发经验；3、有先进存储器或先进逻辑制造及开发经验；4、发表过VLSI/IEDM/ISSCC论文。,,
B站广告投放运营主管,广东钰顺数字科技有限公司,1.4万-1.8万,上海,3-5年,本科,100-299人,民营,人力资源服务,http://www.zhaopin.com/jobdetail/CCL1419120480J40646153516.htm,岗位职责：1、负责头部3C品牌客户客户的信息流媒体投放及统筹工作，以B站渠道为主，头条和广点通业务为辅；2、根据投放推广策略，搭建和操作推广账户；监控实时成交等数据，对广告投放效果负责；3、熟练使用媒体工具达到控本提效的目的；4、研究和监控竞争对手的做法和媒体的变化，及时提出调整方案。任职要求：1、本科以上学历，2年以上B站媒体投放经验，有品牌+效果广告经验优先；2、具备良好的数据分析能力和优化能...,,
大模型算法工程师,上海金轩数字科技有限公司,1.8万-2.5万,上海,3-5年,本科,20-99人,民营,计算机软件,http://www.zhaopin.com/jobdetail/CC886863660J40801638615.htm,一、岗位职责：1、负责大模型的研究以及在金融场景下的应用，包括但不限于LLM、SFT、Agent/MultiAgent、 Tool Learning、RAG、RLHF等技术探索，研究前沿模型训练和优化方法；2、根据金融的业务场景需求设计微调方案、适配算法和调优工程方案；3、参与金融行业的大模型语料知识库建设和训练语料优化，知识图谱、知识FAQ、知识增强大模型等基础算法方向；4、研究和跟踪前沿技术发...,,
产品经理（数字化营销经理）,上海快序生物科技有限公司,1.6万-2.2万,上海,1-3年,硕士,20-99人,民营,生物工程,http://www.zhaopin.com/jobdetail/CCL1318411020J40640433311.htm,岗位职责：负责线上渠道（包括但不限于社交媒体、搜索引擎、电子邮件等）策划和实施数字化营销活动，提升品牌知名度和市场份额；分析市场趋势、竞争对手和目标客户群体，优化线上营销策略；管理和优化公司的官方网站和社交媒体账户，确保内容的更新和一致性；管理内外部合作伙伴的沟通与协作，确保关键营销目标的达成；具备数据分析能力，能够深层次研究问题，提出建设性建议；兼顾线下品牌推广活动的执行如参加展会，自主举办学术...,,
Sr Product Analyst – Digital Customer Experience,维益烘焙产品(天津)有限公司,2万-2.5万,上海,5-10年,本科,500-999人,外商独资,快速消费品,http://www.zhaopin.com/jobdetail/CC404862610J40663062414.htm,"Reports To:Senior Manager, IT Product Management, Digital Customer ExperienceKey Responsibilities: Responsibilities• Cooperate with Enterprise Digital Demand Creation team and regional/local BU digita...",,
